index,code,distance,target
1,603899,0.045627616,
2,601558,0.04661732,
3,600896,0.046944597,
4,2415,0.049491292,
5,2567,0.052362217,
6,600361,0.055301488,
7,300355,0.056184961,
8,600543,0.057342504,
9,600521,0.059499799,
10,600300,0.060303565,
11,603601,0.062870144,
12,600426,0.06388654,
13,300298,0.065579135,
14,603008,0.066603099,
15,921,0.067814357,
16,2733,0.069650249,
17,2235,0.069863765,
18,681,0.070370096,
19,659,0.072967184,
20,600610,0.074147853,
21,912,0.075794325,
22,413,0.076772889,
23,300201,0.07777959,
24,601579,0.078081079,
25,600401,0.078632878,
26,2695,0.079300592,
27,600365,0.079404641,
28,600337,0.079486396,
29,541,0.079773946,
30,600196,0.080480986,
31,2291,0.081837214,
32,600172,0.08223735,
33,300271,0.084918842,
34,300189,0.085247333,
35,2422,0.08561332,
36,2355,0.087683124,
37,300383,0.088069132,
38,2572,0.088794999,
39,899,0.089014137,
40,651,0.089822019,
41,2271,0.090086153,
42,985,0.090706429,
43,600059,0.091653989,
44,603223,0.093509702,
45,2672,0.094331134,
46,600865,0.094632729,
47,2307,0.095237821,
48,955,0.0954233,
49,2537,0.096592235,
50,601933,0.096871415,
51,2640,0.097260739,
52,2043,0.098011997,
53,600566,0.098571689,
54,2555,0.101105835,
55,603288,0.101315043,
56,2327,0.1014521,
57,2234,0.1041697,
58,591,0.104861678,
59,600197,0.105086895,
60,877,0.106567741,
61,600747,0.107623459,
62,600701,0.109655098,
63,982,0.10966279,
64,975,0.110091562,
65,300420,0.110386408,
66,600131,0.110458504,
67,2035,0.111846119,
68,909,0.113888991,
69,300065,0.114522058,
70,600976,0.114860459,
71,600696,0.115240187,
72,600491,0.115869859,
73,2486,0.116148288,
74,2464,0.117104157,
75,2488,0.119418663,
76,600618,0.119857356,
77,300325,0.120427684,
78,2159,0.120682252,
79,300498,0.121658139,
80,333,0.122934639,
81,2589,0.123531275,
82,300133,0.123914189,
83,600581,0.1243423,
84,2448,0.125642706,
85,600809,0.127953084,
86,2103,0.12868779,
87,600009,0.12883385,
88,96,0.129997593,
89,858,0.131282417,
90,2603,0.132120793,
91,2329,0.132381938,
92,600741,0.132742605,
93,600136,0.135059537,
94,600538,0.136818744,
95,829,0.136976244,
96,600238,0.137545738,
97,300364,0.138430428,
98,600998,0.139819482,
99,915,0.140862208,
100,2607,0.141189926,
101,616,0.142993632,
102,600768,0.143948628,
103,300128,0.144500993,
104,300363,0.144800207,
105,2717,0.145607245,
106,300423,0.146456363,
107,2668,0.147929386,
108,600892,0.148471251,
109,600080,0.150805335,
110,2323,0.151208004,
111,300459,0.151719054,
112,603300,0.152320743,
113,300262,0.153455545,
114,601336,0.153505848,
115,600425,0.155451087,
116,2477,0.15547143,
117,2507,0.155521391,
118,600597,0.157772318,
119,603333,0.15850165,
120,928,0.158690852,
121,2284,0.161391058,
122,600201,0.161631099,
123,2605,0.162219282,
124,990,0.162359827,
125,600322,0.16242488,
126,600419,0.163081938,
127,2656,0.163340684,
128,2496,0.163413646,
129,300422,0.164213926,
130,28,0.164316729,
131,2286,0.164660859,
132,798,0.165230845,
133,300197,0.165656715,
134,600702,0.16651479,
135,2388,0.166757962,
136,2134,0.167165716,
137,601607,0.167402142,
138,600993,0.16787392,
139,568,0.168485002,
140,600108,0.169415033,
141,600640,0.169436854,
142,600690,0.170604836,
143,300395,0.170978897,
144,993,0.1718755,
145,603002,0.171909094,
146,600056,0.172044798,
147,300461,0.172081745,
148,600359,0.172323294,
149,2312,0.173213055,
150,601599,0.17368954,
151,300086,0.17387669,
152,2524,0.173983131,
153,2746,0.174239797,
154,2236,0.175341112,
155,2659,0.175431516,
156,58,0.17556832,
157,600283,0.1755844,
158,601601,0.1765008,
159,600898,0.177020266,
160,300478,0.177343531,
161,700,0.177352563,
162,300057,0.177591966,
163,963,0.179028312,
164,600703,0.18025442,
165,300251,0.181296144,
166,2646,0.18146968,
167,600310,0.182272285,
168,23,0.182706572,
169,2425,0.183693024,
170,833,0.18395677,
171,600873,0.184004679,
172,2543,0.184021396,
173,600285,0.184465043,
174,300242,0.184559661,
175,2429,0.185520498,
176,153,0.185578832,
177,600893,0.186733739,
178,534,0.187336486,
179,300425,0.187723324,
180,300021,0.189978837,
181,590,0.190158684,
182,600868,0.190893872,
183,2127,0.191060392,
184,2629,0.191573059,
185,596,0.192880002,
186,600684,0.193570949,
187,600302,0.194481896,
188,756,0.196270634,
189,2773,0.196553315,
190,2758,0.197376118,
191,600420,0.19745183,
192,600681,0.197521088,
193,2508,0.197571062,
194,300446,0.197623657,
195,423,0.197828242,
196,600990,0.198636417,
197,2719,0.199042715,
198,600132,0.199063715,
199,860,0.199266068,
200,600141,0.1994903,
201,300162,0.199669246,
202,300199,0.200580373,
203,600828,0.200995102,
204,972,0.201649705,
205,2661,0.201831384,
206,600062,0.203192065,
207,2228,0.203223876,
208,300225,0.203630071,
209,2069,0.204050369,
210,2098,0.206627037,
211,705,0.206763493,
212,2216,0.206854221,
213,600221,0.207267986,
214,2737,0.20746041,
215,600071,0.20833916,
216,409,0.208369242,
217,2490,0.208809038,
218,300496,0.208842492,
219,2677,0.208847519,
220,2667,0.209217849,
221,2495,0.209783133,
222,600782,0.20985375,
223,300370,0.210359259,
224,2081,0.210426186,
225,2346,0.210775796,
226,2715,0.211831842,
227,601777,0.211903565,
228,782,0.212093269,
229,2064,0.212260528,
230,910,0.212290086,
231,601116,0.212423993,
232,600692,0.212485764,
233,935,0.212992227,
234,2643,0.213873596,
235,600603,0.214533376,
236,2702,0.215353573,
237,2782,0.215854595,
238,2215,0.216205169,
239,300149,0.216517615,
240,600483,0.217160509,
241,600436,0.217570401,
242,613,0.217989818,
243,851,0.218067983,
244,300369,0.218296747,
245,600573,0.21936916,
246,600872,0.219611313,
247,300301,0.21963655,
248,600081,0.220247557,
249,2435,0.220475257,
250,600104,0.220581337,
251,600616,0.22076329,
252,2561,0.221289881,
253,300191,0.221631398,
254,2534,0.22210084,
255,2321,0.222147266,
256,2395,0.224536573,
257,739,0.224577215,
258,600089,0.224637913,
259,2557,0.225556986,
260,2682,0.225876237,
261,600518,0.226559396,
262,980,0.226831835,
263,2732,0.226945127,
264,600769,0.227363131,
265,600180,0.22816305,
266,151,0.228892059,
267,2419,0.229083955,
268,2181,0.229662054,
269,603589,0.230142297,
270,600867,0.231092263,
271,600744,0.231340774,
272,300210,0.231366661,
273,2397,0.233155121,
274,780,0.233687687,
275,600600,0.233887437,
276,875,0.234094775,
277,548,0.234135608,
278,600562,0.235594407,
279,600841,0.2361993,
280,566,0.236404868,
281,603222,0.236567744,
282,600838,0.237178185,
283,966,0.237203434,
284,2174,0.237210001,
285,600679,0.237446653,
286,2701,0.237868162,
287,886,0.237880796,
288,668,0.238120553,
289,2516,0.238445668,
290,300031,0.238682881,
291,300456,0.239270997,
292,600983,0.239856847,
293,600291,0.240072057,
294,600382,0.240287089,
295,300342,0.240389758,
296,600429,0.240644976,
297,300094,0.241003348,
298,687,0.241669356,
299,603519,0.24178979,
300,2325,0.241916471,
301,518,0.241997075,
302,600565,0.242630997,
303,300144,0.243190718,
304,2679,0.243374251,
305,408,0.243502349,
306,600332,0.244822626,
307,600634,0.245032437,
308,600226,0.245204979,
309,600149,0.245827497,
310,785,0.24666773,
311,2612,0.246691857,
312,600217,0.248153345,
313,600371,0.248570427,
314,521,0.249324072,
315,600653,0.249589839,
316,600819,0.249740444,
317,601588,0.250197433,
318,716,0.250241916,
319,600598,0.250514381,
320,600834,0.250643782,
321,600479,0.250751231,
322,49,0.250950341,
323,600643,0.251322795,
324,788,0.251412304,
325,2454,0.251683212,
326,600372,0.252326115,
327,897,0.252778805,
328,300468,0.252793453,
329,600532,0.253488095,
330,600729,0.253630056,
331,600073,0.25418548,
332,752,0.254556294,
333,652,0.254798961,
334,666,0.254941954,
335,603010,0.255294462,
336,2654,0.256264705,
337,544,0.25672061,
338,2024,0.257502055,
339,2539,0.258344874,
340,600552,0.258493955,
341,2186,0.258688915,
342,961,0.258845765,
343,600353,0.259266078,
344,2703,0.259401363,
345,600866,0.259467679,
346,691,0.25958214,
347,600515,0.259866203,
348,600880,0.259914095,
349,300335,0.260288399,
350,2449,0.260473837,
351,2570,0.260624384,
352,600803,0.260669228,
353,300124,0.260941451,
354,300307,0.261270216,
355,601098,0.261952677,
356,600836,0.262565949,
357,600247,0.263260007,
358,2251,0.263291758,
359,300019,0.263321553,
360,300387,0.263433765,
361,603988,0.263938093,
362,893,0.264197456,
363,538,0.264204968,
364,601968,0.264394894,
365,558,0.264512425,
366,600995,0.264856659,
367,601939,0.265170638,
368,600482,0.265203996,
369,987,0.265249944,
370,600326,0.265350964,
371,300397,0.266702009,
372,2059,0.266839087,
373,17,0.267521202,
374,2326,0.26777174,
375,793,0.267880485,
376,600593,0.268061396,
377,600267,0.269087452,
378,551,0.269327879,
379,603000,0.269736236,
380,300209,0.26981327,
381,600379,0.270043067,
382,2179,0.270713127,
383,727,0.270821981,
384,797,0.270826684,
385,869,0.271712521,
386,600208,0.27226655,
387,300114,0.272685153,
388,600987,0.272719611,
389,2478,0.272993468,
390,600278,0.273160026,
391,2526,0.273573372,
392,2584,0.273719349,
393,300182,0.273796519,
394,601118,0.27386494,
395,601398,0.274035886,
396,848,0.274086696,
397,601898,0.27503174,
398,300448,0.275229429,
399,600891,0.275371622,
400,2032,0.276149979,
401,2664,0.276233676,
402,2100,0.276333289,
403,2727,0.276375928,
404,600624,0.276403087,
405,600301,0.277027932,
406,729,0.277328914,
407,600735,0.277551707,
408,2139,0.277560737,
409,2396,0.277562837,
410,715,0.277873602,
411,708,0.278636007,
412,300362,0.278866154,
413,600355,0.279503421,
414,600710,0.280073351,
415,601988,0.280075075,
416,999,0.280482303,
417,516,0.281086657,
418,600077,0.281165907,
419,2320,0.281181759,
420,600827,0.281282781,
421,600519,0.281444103,
422,2653,0.281507363,
423,967,0.281585458,
424,603599,0.281888744,
425,300424,0.282481003,
426,300393,0.282610352,
427,600545,0.282745593,
428,2634,0.282846312,
429,603989,0.284482239,
430,600759,0.285247163,
431,2362,0.285871806,
432,600462,0.286304104,
433,601002,0.286526642,
434,2018,0.286605615,
435,600101,0.286800022,
436,753,0.287313601,
437,922,0.288011909,
438,600889,0.288063601,
439,600370,0.288828527,
440,600486,0.288936311,
441,600511,0.289183225,
442,20,0.289938178,
443,2295,0.290185134,
444,600726,0.291054411,
445,300490,0.291236109,
446,911,0.291664084,
447,600794,0.29177667,
448,600336,0.292008488,
449,600085,0.292282268,
450,300136,0.292358057,
451,300268,0.292742239,
452,2199,0.292836796,
453,2452,0.293189013,
454,600680,0.293219365,
455,600351,0.294119536,
456,600780,0.294179145,
457,2246,0.29438969,
458,600318,0.294434306,
459,600151,0.294710656,
460,600021,0.294712873,
461,2708,0.294826117,
462,553,0.294848437,
463,2243,0.295122547,
464,767,0.296089397,
465,600973,0.296538029,
466,600029,0.296767873,
467,610,0.296855135,
468,600475,0.297068452,
469,603001,0.297568696,
470,890,0.297620697,
471,600438,0.297883048,
472,600577,0.299110401,
473,300174,0.299141113,
474,600227,0.299930465,
475,2248,0.300138874,
476,2420,0.300222006,
477,600540,0.300625809,
478,2595,0.300651369,
479,737,0.30067861,
480,600091,0.30080045,
481,600093,0.300912509,
482,2485,0.300950193,
483,2229,0.301074441,
484,2772,0.301222637,
485,300190,0.301237247,
486,2536,0.301363997,
487,600790,0.301383436,
488,300295,0.301926683,
489,600423,0.301930548,
490,2596,0.302001413,
491,735,0.302002935,
492,2517,0.302204072,
493,1896,0.302300119,
494,2705,0.302514446,
495,300115,0.30261257,
496,600695,0.302709041,
497,601700,0.302825045,
498,300375,0.302936319,
499,601021,0.302964327,
500,600674,0.303672916,
501,603158,0.303795837,
502,600027,0.303833043,
503,600800,0.304173219,
504,600127,0.304569767,
505,600731,0.304651073,
506,2458,0.305003277,
507,600506,0.305417452,
508,757,0.305645896,
509,2255,0.305668121,
510,2648,0.306715412,
511,603828,0.306975373,
512,600354,0.307067773,
513,2691,0.307233703,
514,882,0.307791136,
515,600663,0.308197031,
516,603869,0.308346684,
517,600962,0.308745685,
518,2044,0.308972302,
519,600754,0.309086948,
520,2438,0.309179871,
521,601880,0.309877976,
522,2655,0.309898578,
523,600481,0.310249873,
524,600097,0.310392858,
525,600090,0.310453518,
526,2467,0.310458058,
527,600981,0.310668011,
528,2724,0.311091043,
529,603030,0.311145941,
530,707,0.31126196,
531,300388,0.311372573,
532,300026,0.311959591,
533,600163,0.312456989,
534,2718,0.312519116,
535,2644,0.312549737,
536,523,0.312636679,
537,883,0.31275094,
538,10,0.313574402,
539,2305,0.313576654,
540,300087,0.313985841,
541,600693,0.314009216,
542,300316,0.314457769,
543,300093,0.314534882,
544,300221,0.314667656,
545,600215,0.314775006,
546,759,0.315169768,
547,600583,0.315246625,
548,300219,0.315270389,
549,2031,0.315301825,
550,300173,0.315384556,
551,600223,0.315761015,
552,2009,0.315925494,
553,526,0.316094585,
554,2187,0.316468267,
555,90,0.316623359,
556,600717,0.317105183,
557,603198,0.317166802,
558,300401,0.317654651,
559,600823,0.317673634,
560,600563,0.318255445,
561,600177,0.318402427,
562,600760,0.318409855,
563,895,0.318654699,
564,600222,0.318775159,
565,755,0.31904924,
566,600292,0.319742943,
567,2671,0.319832882,
568,573,0.319946605,
569,2331,0.320132919,
570,159,0.320347973,
571,2099,0.320832741,
572,983,0.320853492,
573,600826,0.320966143,
574,300405,0.320981109,
575,416,0.321243484,
576,667,0.321333203,
577,2751,0.321540912,
578,2238,0.321711663,
579,2348,0.321778179,
580,600629,0.321916634,
581,600262,0.32307856,
582,2552,0.323377435,
583,601799,0.323565713,
584,2410,0.323784877,
585,600319,0.32465212,
586,2663,0.325120935,
587,2322,0.326093617,
588,300479,0.326170462,
589,603338,0.326455316,
590,430,0.327146439,
591,2309,0.327388746,
592,300029,0.327617169,
593,760,0.32780209,
594,2317,0.327967293,
595,2188,0.328140628,
596,600555,0.328718902,
597,2613,0.328865595,
598,637,0.32913969,
599,2590,0.329383475,
600,2060,0.329607695,
601,603778,0.329662505,
602,2779,0.330669917,
603,603077,0.331158676,
604,601258,0.331773399,
605,300382,0.33187712,
606,603066,0.332393536,
607,791,0.332564818,
608,2116,0.334226767,
609,517,0.334601048,
610,600859,0.334727597,
611,600039,0.334917991,
612,2381,0.334919537,
613,532,0.335516747,
614,571,0.336021946,
615,2033,0.336220433,
616,300176,0.336476485,
617,906,0.336624595,
618,2565,0.33666049,
619,2266,0.336717401,
620,601318,0.336784149,
621,965,0.337176743,
622,600644,0.337751947,
623,600637,0.338001802,
624,601099,0.338771682,
625,600611,0.339365919,
626,600860,0.339456656,
627,600984,0.339681259,
628,601888,0.339767396,
629,514,0.340105482,
630,2699,0.340257512,
631,300211,0.340359324,
632,600737,0.340631105,
633,600638,0.341593963,
634,2761,0.342105269,
635,156,0.344336516,
636,600676,0.344925525,
637,2080,0.345200982,
638,601177,0.34520583,
639,300172,0.345257534,
640,2330,0.346121662,
641,600814,0.346361794,
642,600636,0.346672923,
643,601608,0.346921187,
644,2394,0.34719066,
645,600961,0.347227922,
646,300494,0.347889653,
647,600325,0.348032933,
648,603116,0.348129803,
649,2711,0.348873073,
650,601518,0.349066291,
651,570,0.349118789,
652,2690,0.349646768,
653,603099,0.350157141,
654,926,0.350363222,
655,2558,0.3509309,
656,989,0.35171105,
657,600665,0.351974679,
658,300135,0.352104397,
659,600688,0.352200187,
660,2121,0.352788727,
661,2306,0.352858787,
662,300130,0.353551437,
663,300154,0.354658661,
664,617,0.354699395,
665,600722,0.355178221,
666,2003,0.355500168,
667,600078,0.356248835,
668,601158,0.356293319,
669,600853,0.356789497,
670,601969,0.357148281,
671,669,0.357177082,
672,600517,0.357576892,
673,603789,0.357703986,
674,300126,0.357951095,
675,799,0.358406975,
676,622,0.359263271,
677,600340,0.359465289,
678,557,0.35980844,
679,600959,0.360150573,
680,600387,0.361536315,
681,2154,0.361632756,
682,600195,0.361739747,
683,600173,0.362096553,
684,600520,0.362622121,
685,2786,0.363062384,
686,600158,0.363157537,
687,2294,0.363389482,
688,2007,0.363803608,
689,600699,0.363988313,
690,582,0.364021928,
691,600510,0.364077098,
692,600713,0.36452766,
693,2210,0.365683485,
694,2592,0.366317391,
695,600068,0.367417229,
696,631,0.367842626,
697,601288,0.368913777,
698,601107,0.369815877,
699,600392,0.369913915,
700,600831,0.370177426,
701,600493,0.371272314,
702,600329,0.371545964,
703,600017,0.372031014,
704,300217,0.3722175,
705,428,0.373134681,
706,2441,0.375005441,
707,600509,0.375014362,
708,603368,0.376888514,
709,300134,0.377275453,
710,2766,0.377986227,
711,2487,0.378604362,
712,600779,0.378905998,
713,2476,0.379553472,
714,2568,0.379870527,
715,2688,0.379908136,
716,2556,0.380054883,
717,2714,0.380788646,
718,300074,0.381747044,
719,902,0.383216297,
720,600820,0.383828011,
721,600276,0.384338836,
722,701,0.385684308,
723,2344,0.386307707,
724,600588,0.386958003,
725,978,0.387919557,
726,603167,0.388870295,
727,600719,0.389821263,
728,2775,0.392053809,
729,2299,0.392120518,
730,505,0.392993852,
731,581,0.393622708,
732,300266,0.395717057,
733,600628,0.395767257,
734,2367,0.395836275,
735,885,0.39650167,
736,600175,0.396583722,
737,300032,0.397131673,
738,2264,0.397475457,
739,300106,0.397475457,
740,600857,0.398032975,
741,2776,0.398455808,
742,2157,0.398783314,
743,567,0.399500459,
744,2274,0.399773005,
745,2191,0.399950276,
746,2602,0.401338683,
747,2302,0.404290056,
748,411,0.404476094,
749,632,0.404479119,
750,603800,0.404760471,
751,600822,0.405199405,
752,2608,0.405634435,
753,600178,0.405958188,
754,600721,0.406501991,
755,2213,0.408311648,
756,831,0.408621565,
757,2541,0.409189225,
758,601666,0.410004181,
759,2270,0.410498782,
760,543,0.41121829,
761,600818,0.411292899,
762,2115,0.411298477,
763,403,0.413019707,
764,2225,0.413032093,
765,2084,0.414360069,
766,2051,0.417366409,
767,601101,0.418707698,
768,2066,0.418929039,
769,300103,0.419329452,
770,601012,0.419948771,
771,600992,0.4202021,
772,811,0.420570371,
773,2665,0.421193965,
774,603568,0.421494931,
775,600652,0.421540486,
776,600882,0.422474181,
777,603021,0.422504783,
778,600231,0.422664518,
779,2649,0.423026725,
780,600488,0.423291967,
781,2269,0.423758388,
782,300237,0.423860107,
783,913,0.423938174,
784,300473,0.424334359,
785,565,0.424531777,
786,2021,0.42475104,
787,300028,0.426231886,
788,2023,0.426297182,
789,2147,0.426559487,
790,600660,0.428626595,
791,2374,0.428762451,
792,2748,0.428819801,
793,2363,0.430026406,
794,2745,0.430965017,
795,600749,0.431772749,
796,2354,0.43215099,
797,600796,0.43303094,
798,2020,0.433088311,
799,300480,0.433604501,
800,600307,0.435275136,
801,2343,0.435506026,
802,600313,0.436238275,
803,300023,0.436753706,
804,300427,0.437495692,
805,603306,0.43799295,
806,603609,0.438170269,
807,2722,0.43845894,
808,939,0.439183874,
809,2729,0.439796256,
810,600789,0.439939702,
811,600738,0.440940391,
812,600298,0.441198717,
813,2530,0.441234329,
814,2050,0.441631134,
815,2102,0.44280721,
816,300054,0.442938035,
817,903,0.44303667,
818,2028,0.443301887,
819,601918,0.443518338,
820,603355,0.445767683,
821,2514,0.4459332,
822,603818,0.446552672,
823,2170,0.449574596,
824,717,0.449815312,
825,2431,0.449846908,
826,600395,0.450641887,
827,2566,0.450786585,
828,709,0.450850799,
829,601808,0.451106893,
830,2492,0.451153616,
831,600187,0.451881692,
832,300377,0.453840462,
833,25,0.454470924,
834,633,0.454912185,
835,600368,0.456309052,
836,2054,0.456412817,
837,300351,0.458133064,
838,600755,0.458912196,
839,600111,0.459440029,
840,603328,0.459446645,
841,300064,0.461596116,
842,2152,0.462169596,
843,300011,0.463105737,
844,600016,0.463500302,
845,2218,0.464637288,
846,600199,0.464951662,
847,601009,0.466250406,
848,601618,0.467893875,
849,300165,0.469049389,
850,603005,0.470057171,
851,2545,0.470739729,
852,600160,0.471463447,
853,600777,0.47148465,
854,300336,0.471741671,
855,2546,0.47193776,
856,564,0.471958779,
857,528,0.472081915,
858,2027,0.472084534,
859,300005,0.473065889,
860,2726,0.473761514,
861,661,0.476848745,
862,2582,0.477257235,
863,601669,0.478111543,
864,600259,0.479225182,
865,601028,0.479979905,
866,600630,0.480066769,
867,600500,0.482175638,
868,2770,0.484168659,
869,600864,0.486540058,
870,603168,0.486716108,
871,2097,0.486717392,
872,600066,0.487039666,
873,719,0.487233127,
874,300228,0.48745576,
875,2357,0.487905545,
876,600007,0.489293635,
877,600765,0.491771075,
878,600886,0.49259847,
879,2697,0.492612584,
880,777,0.494082034,
881,600192,0.494792705,
882,600053,0.494841241,
883,2434,0.494853825,
884,718,0.494999282,
885,600399,0.49542169,
886,600900,0.495810308,
887,554,0.495939274,
888,676,0.497246536,
889,600455,0.497936193,
890,607,0.49818059,
891,2680,0.498668528,
892,546,0.498982136,
893,876,0.499085214,
894,601166,0.500099701,
895,600863,0.500471545,
896,601058,0.501670261,
897,2693,0.502703216,
898,600887,0.502774261,
899,2385,0.503087637,
900,300428,0.503354921,
901,702,0.503435156,
902,2379,0.503908152,
903,600311,0.505624277,
904,2470,0.506106179,
905,501,0.506122113,
906,713,0.506295211,
907,601890,0.506887821,
908,2275,0.506971544,
909,2540,0.507745493,
910,601991,0.508325423,
911,2214,0.50846865,
912,2262,0.510519191,
913,600421,0.511664311,
914,601006,0.512804322,
915,601628,0.513005655,
916,600971,0.51500256,
917,603939,0.515025084,
918,300282,0.515600999,
919,600795,0.517060445,
920,600808,0.517348401,
921,600578,0.518458226,
922,2560,0.519116796,
923,300169,0.519435194,
924,600609,0.519441739,
925,2399,0.519613313,
926,603369,0.51972976,
927,300467,0.523195295,
928,2423,0.523440004,
929,600850,0.523749244,
930,16,0.524319418,
931,2618,0.524685832,
932,600397,0.524695441,
933,810,0.52493955,
934,513,0.524983479,
935,600712,0.525938717,
936,600894,0.527569759,
937,2025,0.527782057,
938,2626,0.52855611,
939,600723,0.529345446,
940,600113,0.529918554,
941,2416,0.530274041,
942,600810,0.530490367,
943,300432,0.531362726,
944,601016,0.532128852,
945,600718,0.532374683,
946,600839,0.532632491,
947,300260,0.533107593,
948,2624,0.534256716,
949,600876,0.537456161,
950,600179,0.538249307,
951,599,0.538336232,
952,600255,0.538466115,
953,600697,0.539289619,
954,2133,0.540145078,
955,2005,0.541111127,
956,635,0.541767421,
957,600373,0.542843073,
958,603838,0.543970591,
959,600137,0.545538228,
960,600023,0.545666729,
961,601038,0.546793099,
962,938,0.548115438,
963,2272,0.549131474,
964,2783,0.549471589,
965,2577,0.549633515,
966,937,0.550443305,
967,595,0.552070182,
968,627,0.552459802,
969,600305,0.552693041,
970,852,0.5530321,
971,601001,0.553432192,
972,600986,0.553591661,
973,601199,0.553941227,
974,2041,0.55447347,
975,908,0.55460116,
976,682,0.55496479,
977,2444,0.554989117,
978,2450,0.5580488,
979,2742,0.5591911,
980,600335,0.560004111,
981,2633,0.561445815,
982,507,0.561776275,
983,600592,0.562044811,
984,600159,0.56456985,
985,2483,0.565285466,
986,639,0.565288825,
987,601000,0.565782001,
988,12,0.5659358,
989,2418,0.566344101,
990,2083,0.568687969,
991,65,0.570607004,
992,2383,0.571287739,
993,2413,0.571892441,
994,2166,0.572190727,
995,300214,0.573176317,
996,600505,0.574890704,
997,601872,0.575333363,
998,300245,0.575420437,
999,2140,0.575422118,
1000,2763,0.575477819,
1001,600064,0.57705039,
1002,600123,0.577278417,
1003,2469,0.577333678,
1004,300234,0.578015881,
1005,601699,0.578733111,
1006,603898,0.57895639,
1007,69,0.579477974,
1008,600608,0.580183485,
1009,600546,0.58157875,
1010,601928,0.582084054,
1011,600121,0.582363797,
1012,300407,0.582664222,
1013,600243,0.583188541,
1014,2685,0.58362528,
1015,300122,0.584320781,
1016,601015,0.5845749,
1017,2393,0.585197424,
1018,601003,0.585234932,
1019,601996,0.585658645,
1020,2730,0.585821348,
1021,600148,0.587247093,
1022,600982,0.588162151,
1023,685,0.589668411,
1024,2142,0.590095769,
1025,600648,0.590652737,
1026,300117,0.590950045,
1027,600536,0.591238483,
1028,600527,0.592077045,
1029,2579,0.593103746,
1030,2620,0.59340376,
1031,2436,0.594441783,
1032,2220,0.595236058,
1033,2511,0.595695644,
1034,300017,0.59607796,
1035,600522,0.596476803,
1036,600584,0.596519361,
1037,2211,0.597834151,
1038,300368,0.59805254,
1039,603766,0.598052729,
1040,998,0.598292262,
1041,600390,0.598402558,
1042,601689,0.598589135,
1043,300308,0.598734964,
1044,2713,0.59969849,
1045,300321,0.600485214,
1046,300265,0.601301612,
1047,881,0.602774402,
1048,600817,0.60585994,
1049,498,0.606166716,
1050,626,0.606650202,
1051,600406,0.608139408,
1052,2324,0.608415365,
1053,2361,0.60860031,
1054,601929,0.609017717,
1055,600576,0.613172699,
1056,2062,0.614708069,
1057,601668,0.616170433,
1058,600775,0.617387442,
1059,837,0.6200238,
1060,600250,0.62139857,
1061,722,0.622056646,
1062,600435,0.624687352,
1063,2045,0.625727867,
1064,600858,0.626505946,
1065,300177,0.62739315,
1066,300276,0.627806797,
1067,600683,0.6305007,
1068,2180,0.630690601,
1069,2484,0.630723096,
1070,600487,0.63081278,
1071,601111,0.631170969,
1072,600617,0.631944225,
1073,600229,0.632042394,
1074,600190,0.634515917,
1075,600396,0.635046184,
1076,45,0.635382949,
1077,2193,0.639741797,
1078,2731,0.640368156,
1079,600691,0.640368552,
1080,600235,0.641383088,
1081,600193,0.642239656,
1082,600529,0.642581185,
1083,600207,0.643527729,
1084,600606,0.643614675,
1085,300052,0.643926629,
1086,300188,0.645387888,
1087,300471,0.645460884,
1088,300041,0.646488394,
1089,2762,0.646651582,
1090,600269,0.647025556,
1091,589,0.647374615,
1092,2519,0.647404874,
1093,5,0.648330391,
1094,300195,0.649475405,
1095,603308,0.650012121,
1096,300329,0.650374574,
1097,300203,0.650971814,
1098,600635,0.651192053,
1099,601008,0.651249968,
1100,603669,0.65181425,
1101,2533,0.652421803,
1102,600098,0.65253939,
1103,600502,0.653147692,
1104,600724,0.653393277,
1105,600556,0.655641588,
1106,420,0.656675429,
1107,2405,0.656747709,
1108,14,0.656894242,
1109,2439,0.65691817,
1110,11,0.657426157,
1111,300204,0.657611072,
1112,600038,0.657758722,
1113,880,0.658965893,
1114,422,0.659000502,
1115,300318,0.659764048,
1116,300289,0.66058561,
1117,300309,0.662198957,
1118,601218,0.66255428,
1119,600246,0.664249108,
1120,601328,0.664674112,
1121,2281,0.665236953,
1122,2585,0.665543843,
1123,600155,0.665714844,
1124,2204,0.666626392,
1125,600393,0.66698558,
1126,419,0.668255056,
1127,300160,0.669434313,
1128,2574,0.671970367,
1129,600589,0.672548922,
1130,600106,0.67302907,
1131,2532,0.674327594,
1132,600240,0.674494388,
1133,2787,0.674593893,
1134,2240,0.674672981,
1135,2489,0.67471446,
1136,600116,0.674828765,
1137,600320,0.674966425,
1138,300043,0.67533692,
1139,2706,0.675447193,
1140,531,0.675697128,
1141,2453,0.676173336,
1142,300159,0.676239705,
1143,600861,0.677736011,
1144,2349,0.677746004,
1145,900,0.679856895,
1146,600745,0.680349193,
1147,2554,0.680549953,
1148,601677,0.682634454,
1149,300320,0.682994361,
1150,750,0.683168106,
1151,300010,0.683404523,
1152,2750,0.683682982,
1153,600236,0.684165699,
1154,600348,0.684281904,
1155,2131,0.685270896,
1156,600415,0.685716117,
1157,584,0.685881043,
1158,603999,0.686833082,
1159,603315,0.686983992,
1160,600385,0.687241711,
1161,598,0.687242991,
1162,300273,0.688240343,
1163,530,0.688450522,
1164,600958,0.689650855,
1165,300081,0.690169913,
1166,2760,0.691153005,
1167,2221,0.69200085,
1168,2725,0.695374932,
1169,600742,0.69553505,
1170,601088,0.695546994,
1171,300486,0.695812461,
1172,600797,0.696191709,
1173,300202,0.696200634,
1174,2674,0.696944252,
1175,2055,0.697358781,
1176,2728,0.697577391,
1177,600115,0.697830954,
1178,600189,0.700159812,
1179,601369,0.701795786,
1180,600316,0.702124493,
1181,2494,0.702222484,
1182,600965,0.702278488,
1183,2645,0.702693897,
1184,619,0.704276375,
1185,600234,0.704687985,
1186,300033,0.704779293,
1187,2475,0.704883467,
1188,601339,0.705447615,
1189,300281,0.705781456,
1190,600758,0.706352069,
1191,600535,0.707108735,
1192,525,0.708555213,
1193,819,0.708594903,
1194,300155,0.709483173,
1195,600125,0.710726069,
1196,2642,0.710867754,
1197,2447,0.71109486,
1198,300399,0.711352255,
1199,2,0.711571863,
1200,572,0.712678999,
1201,300230,0.712697121,
1202,600036,0.714455317,
1203,2096,0.716703831,
1204,2247,0.716764292,
1205,300488,0.717134928,
1206,2559,0.719251127,
1207,2538,0.720235722,
1208,300283,0.721774564,
1209,300328,0.721869131,
1210,2583,0.722330674,
1211,300194,0.722900658,
1212,300059,0.723423435,
1213,601117,0.724676574,
1214,300416,0.725992883,
1215,300475,0.727381157,
1216,563,0.728536417,
1217,89,0.72873157,
1218,600345,0.728939107,
1219,600299,0.729286555,
1220,2108,0.729644988,
1221,776,0.732846266,
1222,2278,0.733366727,
1223,600490,0.733573171,
1224,2421,0.734265177,
1225,600833,0.734930017,
1226,816,0.73536968,
1227,2310,0.736159757,
1228,600202,0.736843319,
1229,43,0.737341749,
1230,600855,0.737456108,
1231,600126,0.739130322,
1232,2137,0.739216438,
1233,600069,0.739252254,
1234,733,0.74058069,
1235,600657,0.741134714,
1236,300343,0.742256215,
1237,2515,0.742334348,
1238,603618,0.743296278,
1239,692,0.744517911,
1240,600791,0.745262802,
1241,600740,0.745698818,
1242,609,0.745885663,
1243,2224,0.746801514,
1244,600830,0.747247439,
1245,600327,0.747852373,
1246,300286,0.747898708,
1247,2203,0.74835517,
1248,300402,0.749219928,
1249,2479,0.749516013,
1250,603555,0.75013094,
1251,56,0.751517909,
1252,600771,0.751970841,
1253,600284,0.75271313,
1254,600792,0.75436087,
1255,2673,0.754493079,
1256,600058,0.756152683,
1257,600338,0.756657052,
1258,300390,0.757216947,
1259,600428,0.760685557,
1260,600165,0.761164525,
1261,300455,0.762732697,
1262,300476,0.763971683,
1263,2087,0.76465696,
1264,46,0.765141256,
1265,600750,0.767120467,
1266,300381,0.768266844,
1267,600467,0.768806068,
1268,600979,0.769474,
1269,600596,0.770280567,
1270,601877,0.771233777,
1271,2217,0.772770164,
1272,2259,0.772848167,
1273,601801,0.773428744,
1274,2445,0.775700917,
1275,679,0.775709054,
1276,802,0.776314921,
1277,603699,0.776932715,
1278,300185,0.777780619,
1279,710,0.777999375,
1280,603598,0.778431905,
1281,821,0.779285321,
1282,600694,0.779798785,
1283,2013,0.78066539,
1284,2088,0.781368411,
1285,300389,0.782941572,
1286,600010,0.783407749,
1287,603088,0.783526097,
1288,2660,0.783650056,
1289,2177,0.784001252,
1290,2529,0.784906871,
1291,600287,0.784981082,
1292,2610,0.785280014,
1293,600811,0.786070833,
1294,603398,0.786095373,
1295,600569,0.786443764,
1296,600282,0.788426908,
1297,600739,0.790113858,
1298,2016,0.790422955,
1299,600698,0.790439815,
1300,300394,0.790910902,
1301,2563,0.791288558,
1302,2749,0.791690278,
1303,603606,0.791719032,
1304,603117,0.791823533,
1305,300380,0.792189218,
1306,600732,0.79308427,
1307,2593,0.793242443,
1308,600846,0.794339229,
1309,2292,0.795809217,
1310,600871,0.796295127,
1311,600575,0.796850074,
1312,601137,0.797125079,
1313,726,0.800234388,
1314,672,0.800647838,
1315,2351,0.801845151,
1316,300108,0.8021332,
1317,2123,0.802845724,
1318,2404,0.804928127,
1319,600031,0.805255471,
1320,898,0.80627289,
1321,2090,0.808120816,
1322,2008,0.808544697,
1323,600157,0.808614252,
1324,2101,0.809949649,
1325,600879,0.810231325,
1326,2580,0.812648196,
1327,859,0.812953724,
1328,2048,0.816869789,
1329,2265,0.816944079,
1330,600869,0.816972174,
1331,600824,0.817115335,
1332,600168,0.817424951,
1333,2267,0.819823055,
1334,2765,0.820227287,
1335,300082,0.82034634,
1336,600186,0.821018935,
1337,600170,0.821092757,
1338,601208,0.821572616,
1339,600667,0.822216983,
1340,949,0.822551683,
1341,600112,0.822666295,
1342,600743,0.823175051,
1343,300250,0.824289093,
1344,601106,0.824969924,
1345,2095,0.825661551,
1346,812,0.825784448,
1347,600439,0.827794685,
1348,2658,0.828656403,
1349,601727,0.829008481,
1350,300482,0.829860063,
1351,600252,0.830095854,
1352,2369,0.830391035,
1353,601179,0.830713421,
1354,520,0.833079381,
1355,600109,0.833279905,
1356,762,0.833763925,
1357,603889,0.834790337,
1358,973,0.834885048,
1359,603688,0.836037249,
1360,600033,0.83616529,
1361,300218,0.836355095,
1362,300357,0.836534907,
1363,600978,0.837881324,
1364,887,0.839256174,
1365,2160,0.840836838,
1366,2550,0.840987696,
1367,600662,0.841121017,
1368,600261,0.84205252,
1369,2641,0.843532642,
1370,2107,0.844039079,
1371,792,0.845059667,
1372,600182,0.8452454,
1373,600650,0.846945093,
1374,600350,0.847748231,
1375,603918,0.847865477,
1376,923,0.847949158,
1377,600317,0.849745882,
1378,601908,0.850384137,
1379,2549,0.850413345,
1380,600088,0.851622194,
1381,600615,0.852290546,
1382,502,0.852953599,
1383,600877,0.853620692,
1384,300287,0.854181823,
1385,36,0.854280269,
1386,2424,0.854896152,
1387,300274,0.855370015,
1388,2627,0.856030581,
1389,2010,0.857465828,
1390,300072,0.858348528,
1391,931,0.858648833,
1392,300415,0.858923837,
1393,300235,0.859628698,
1394,300107,0.859848772,
1395,300249,0.863301967,
1396,2277,0.863685598,
1397,600362,0.864500332,
1398,2712,0.864821211,
1399,2686,0.864984331,
1400,611,0.86501308,
1401,300418,0.866758392,
1402,600018,0.867398404,
1403,2165,0.867448266,
1404,603118,0.868714646,
1405,300340,0.868900907,
1406,600881,0.868910709,
1407,300208,0.871014721,
1408,2350,0.873097587,
1409,600391,0.873778305,
1410,600507,0.875071902,
1411,600642,0.875775641,
1412,300327,0.87591184,
1413,888,0.876097104,
1414,600216,0.876461395,
1415,600746,0.87675049,
1416,600188,0.877770878,
1417,2019,0.87822003,
1418,603558,0.878230896,
1419,300291,0.878597877,
1420,600513,0.879189842,
1421,300006,0.88326802,
1422,977,0.884783501,
1423,2696,0.885055171,
1424,600096,0.885358966,
1425,600297,0.886886843,
1426,2573,0.887415536,
1427,2778,0.888121524,
1428,601186,0.888231724,
1429,2283,0.889907516,
1430,157,0.890706813,
1431,665,0.891647256,
1432,601211,0.891909998,
1433,300497,0.892295456,
1434,600605,0.892902325,
1435,2117,0.892971985,
1436,418,0.893024003,
1437,2093,0.893439645,
1438,600369,0.8944153,
1439,600736,0.895652482,
1440,601368,0.89570956,
1441,404,0.897395615,
1442,300151,0.897407629,
1443,300125,0.897699267,
1444,2535,0.899018401,
1445,600537,0.900370188,
1446,601965,0.901269381,
1447,600602,0.901568054,
1448,300055,0.901812179,
1449,601100,0.902822777,
1450,758,0.903845106,
1451,2391,0.904358192,
1452,2106,0.904691277,
1453,600572,0.905150168,
1454,711,0.906304245,
1455,600557,0.907264276,
1456,603997,0.908526885,
1457,600272,0.909054027,
1458,600582,0.910030345,
1459,300161,0.91048099,
1460,600847,0.910699621,
1461,2091,0.910945583,
1462,600561,0.911064258,
1463,300095,0.913590347,
1464,2233,0.913882146,
1465,2586,0.914845529,
1466,533,0.915036668,
1467,2615,0.915785275,
1468,600805,0.916550717,
1469,2639,0.918100705,
1470,2689,0.918169773,
1471,2598,0.918919871,
1472,600303,0.920441234,
1473,2631,0.92199696,
1474,600360,0.923202658,
1475,601390,0.924033574,
1476,825,0.924457676,
1477,663,0.924465384,
1478,2716,0.924543647,
1479,2500,0.924573854,
1480,300012,0.924885455,
1481,300332,0.924925194,
1482,407,0.925718563,
1483,600784,0.925979705,
1484,601225,0.926681511,
1485,2038,0.927539275,
1486,600079,0.927686373,
1487,2282,0.927783189,
1488,300105,0.928051712,
1489,603169,0.928511107,
1490,960,0.928741425,
1491,600917,0.928772338,
1492,300016,0.929375697,
1493,783,0.929388331,
1494,2130,0.929803511,
1495,600135,0.930563813,
1496,300129,0.931851762,
1497,300121,0.931912113,
1498,300441,0.932113204,
1499,2427,0.932780771,
1500,603611,0.934704166,
1501,2360,0.934852277,
1502,300452,0.935130266,
1503,2315,0.93548646,
1504,2462,0.935983851,
1505,2040,0.936524728,
1506,603023,0.936831819,
1507,2366,0.936972532,
1508,933,0.937993643,
1509,601519,0.938271567,
1510,600099,0.938563903,
1511,601,0.939864251,
1512,603003,0.940308358,
1513,2735,0.941022034,
1514,2333,0.94258311,
1515,600661,0.943851216,
1516,600076,0.945405485,
1517,402,0.945434039,
1518,2287,0.947732525,
1519,2510,0.948293493,
1520,997,0.950794369,
1521,2358,0.952530086,
1522,2743,0.952602131,
1523,300352,0.952606247,
1524,600508,0.953153357,
1525,300007,0.954083182,
1526,300232,0.955087231,
1527,603567,0.956421875,
1528,601311,0.957757035,
1529,600716,0.959541158,
1530,2386,0.960815538,
1531,603518,0.962721342,
1532,603883,0.96438992,
1533,600107,0.964597986,
1534,300339,0.964711665,
1535,300331,0.965014608,
1536,600143,0.966935561,
1537,600612,0.967315041,
1538,2104,0.968144315,
1539,600844,0.970032007,
1540,537,0.971527192,
1541,2417,0.972064493,
1542,300404,0.972408996,
1543,2408,0.973091011,
1544,600290,0.973598041,
1545,600756,0.973777699,
1546,600626,0.975333029,
1547,2497,0.975501747,
1548,55,0.975846641,
1549,600969,0.976115221,
1550,601818,0.979386499,
1551,300434,0.979486429,
1552,603166,0.979574847,
1553,600704,0.979707569,
1554,2252,0.980089232,
1555,680,0.980433775,
1556,600804,0.980577948,
1557,600448,0.980619191,
1558,698,0.981873882,
1559,300096,0.982338859,
1560,2414,0.982710445,
1561,300015,0.983225066,
1562,601998,0.984166263,
1563,587,0.984261267,
1564,603019,0.985028535,
1565,2030,0.985102586,
1566,603979,0.985358992,
1567,2604,0.986102873,
1568,300288,0.986855341,
1569,600727,0.987581253,
1570,600380,0.987759161,
1571,2124,0.988020649,
1572,2145,0.988045012,
1573,300040,0.989945033,
1574,300391,0.991163419,
1575,2146,0.991301675,
1576,539,0.991735289,
1577,166,0.992976919,
1578,901,0.993424808,
1579,600169,0.993484339,
1580,952,0.993576004,
1581,300463,0.99421326,
1582,300070,0.995227269,
1583,603123,0.995333325,
1584,2481,0.995395049,
1585,600433,0.996139287,
1586,603399,0.996517951,
1587,601616,0.996774354,
1588,300330,0.998665748,
1589,603020,0.999078878,
1590,2459,0.999670907,
1591,600271,1.000006011,
1592,2206,1.000484012,
1593,2178,1.001227213,
1594,600086,1.001301294,
1595,300020,1.002155994,
1596,932,1.00239399,
1597,600156,1.003049767,
1598,300051,1.0041044,
1599,600580,1.004320918,
1600,603126,1.00454084,
1601,600218,1.004542531,
1602,22,1.004585118,
1603,2527,1.004585378,
1604,601222,1.005142674,
1605,600011,1.006389362,
1606,600232,1.00640621,
1607,878,1.006787506,
1608,601901,1.007324746,
1609,600761,1.007478204,
1610,300345,1.007943092,
1611,300092,1.00932699,
1612,27,1.010321903,
1613,300315,1.011709021,
1614,603901,1.012293417,
1615,300324,1.013268633,
1616,600654,1.013693496,
1617,2518,1.014107006,
1618,601226,1.014877534,
1619,600000,1.015281232,
1620,600773,1.015598212,
1621,300303,1.016662393,
1622,600821,1.017405087,
1623,2623,1.01811935,
1624,603227,1.019200535,
1625,300069,1.019303963,
1626,300150,1.02004239,
1627,603100,1.022558871,
1628,300097,1.023012994,
1629,2227,1.023023967,
1630,600748,1.023554906,
1631,600048,1.024286312,
1632,601216,1.024740264,
1633,300302,1.025155455,
1634,971,1.025259551,
1635,552,1.025648025,
1636,600183,1.025765416,
1637,601857,1.025970447,
1638,600095,1.027075671,
1639,2509,1.027327028,
1640,529,1.027883574,
1641,300254,1.028154441,
1642,2482,1.029650101,
1643,600856,1.030007832,
1644,600463,1.030685645,
1645,600063,1.031609648,
1646,600408,1.031912083,
1647,2039,1.033617439,
1648,656,1.034051257,
1649,300438,1.034079002,
1650,2232,1.034926661,
1651,601886,1.035158604,
1652,2011,1.03521702,
1653,300248,1.03538889,
1654,600671,1.035799522,
1655,300205,1.036273773,
1656,600599,1.036312142,
1657,603309,1.036989504,
1658,603011,1.037278285,
1659,300435,1.03760816,
1660,600512,1.038391779,
1661,600620,1.039582019,
1662,600812,1.039644027,
1663,300148,1.040469893,
1664,300131,1.041126404,
1665,796,1.04159173,
1666,600293,1.041698945,
1667,300143,1.042462331,
1668,2617,1.042628303,
1669,2293,1.043044223,
1670,417,1.043242528,
1671,300264,1.044875572,
1672,300175,1.04694408,
1673,2058,1.047029456,
1674,300058,1.048267098,
1675,300220,1.048399482,
1676,600720,1.048550387,
1677,300485,1.049937715,
1678,300472,1.04994454,
1679,300227,1.050676484,
1680,600798,1.051618273,
1681,600280,1.053067898,
1682,600082,1.054162129,
1683,2493,1.054508729,
1684,26,1.054658463,
1685,600766,1.055010369,
1686,835,1.055321267,
1687,550,1.055561776,
1688,600333,1.056291603,
1689,300313,1.056307637,
1690,628,1.056462165,
1691,2503,1.056660194,
1692,600551,1.056809899,
1693,2208,1.056980962,
1694,738,1.059933767,
1695,300322,1.0599754,
1696,300258,1.06201144,
1697,600409,1.062108479,
1698,586,1.062866088,
1699,2687,1.063395496,
1700,2412,1.063832175,
1701,2085,1.064017393,
1702,2338,1.066175538,
1703,300323,1.066320253,
1704,600153,1.066600805,
1705,2128,1.066610424,
1706,32,1.067305457,
1707,2780,1.069028611,
1708,600854,1.069796979,
1709,936,1.071743037,
1710,919,1.071872202,
1711,2202,1.073022922,
1712,300123,1.073701688,
1713,300487,1.074032378,
1714,2777,1.075318129,
1715,2222,1.076013319,
1716,600708,1.076117828,
1717,2201,1.076576894,
1718,150,1.076843985,
1719,968,1.077031902,
1720,600528,1.077421345,
1721,951,1.079961531,
1722,300417,1.080104707,
1723,300445,1.080353531,
1724,300138,1.080452481,
1725,600051,1.081432809,
1726,600015,1.08208108,
1727,600383,1.082859715,
1728,2173,1.084283924,
1729,823,1.084732085,
1730,600152,1.084864171,
1731,600398,1.085616539,
1732,603017,1.085717243,
1733,300236,1.086042226,
1734,600495,1.086234085,
1735,300061,1.086274995,
1736,300341,1.086915709,
1737,905,1.088503786,
1738,300049,1.088991656,
1739,2461,1.09083157,
1740,30,1.093668664,
1741,600689,1.093743464,
1742,2771,1.094551095,
1743,600884,1.094602158,
1744,600067,1.094771068,
1745,300200,1.095311408,
1746,300398,1.095863009,
1747,2523,1.09716275,
1748,600816,1.097474384,
1749,300440,1.098077978,
1750,2734,1.099063313,
1751,600875,1.099250558,
1752,600478,1.099713728,
1753,600501,1.100740081,
1754,300024,1.100846905,
1755,686,1.100865036,
1756,600114,1.10152041,
1757,300299,1.10168105,
1758,488,1.101954846,
1759,603968,1.102025868,
1760,415,1.103406081,
1761,300349,1.104047531,
1762,600363,1.10617961,
1763,603085,1.106719321,
1764,300018,1.106883355,
1765,600052,1.107241098,
1766,600728,1.107468916,
1767,600706,1.107720899,
1768,2403,1.108099186,
1769,70,1.108365005,
1770,300167,1.10864378,
1771,2522,1.110171863,
1772,300366,1.110599892,
1773,300495,1.111043913,
1774,620,1.111850081,
1775,2471,1.112998007,
1776,600837,1.113620987,
1777,2162,1.114966057,
1778,300246,1.11498774,
1779,300226,1.115547097,
1780,868,1.115822242,
1781,2029,1.116569252,
1782,600213,1.116818162,
1783,2371,1.116883378,
1784,2528,1.117307235,
1785,2700,1.118593482,
1786,2531,1.119113142,
1787,2474,1.119453266,
1788,300411,1.119627287,
1789,600757,1.119690361,
1790,600714,1.121006292,
1791,2759,1.121280097,
1792,2280,1.121828237,
1793,2387,1.123406176,
1794,2144,1.124351318,
1795,600633,1.125654727,
1796,300079,1.125838826,
1797,2662,1.127504719,
1798,600185,1.127637023,
1799,600400,1.128238176,
1800,2611,1.1282818,
1801,300003,1.128488084,
1802,2192,1.128818232,
1803,300464,1.128959327,
1804,300477,1.130702556,
1805,2001,1.131100256,
1806,2456,1.131210592,
1807,2380,1.131842616,
1808,863,1.131882274,
1809,600590,1.132152203,
1810,957,1.132504872,
1811,600309,1.132705418,
1812,2755,1.134555153,
1813,600275,1.137465384,
1814,2657,1.138209853,
1815,300359,1.139142711,
1816,2245,1.139396952,
1817,300310,1.139929901,
1818,600770,1.140471805,
1819,561,1.141328759,
1820,601789,1.143207194,
1821,300356,1.143544647,
1822,600845,1.144198309,
1823,2768,1.144430629,
1824,300110,1.144541503,
1825,600321,1.144679543,
1826,2197,1.145448777,
1827,429,1.145581248,
1828,300346,1.1459962,
1829,300241,1.146291953,
1830,600885,1.146756848,
1831,2290,1.147461146,
1832,723,1.14842757,
1833,600312,1.148867954,
1834,2368,1.149877709,
1835,600377,1.150063274,
1836,2736,1.150482046,
1837,600895,1.150861026,
1838,2328,1.151814318,
1839,300077,1.152427803,
1840,300284,1.153695456,
1841,519,1.154116287,
1842,2163,1.154856879,
1843,600054,1.156179722,
1844,600138,1.156448404,
1845,779,1.158062206,
1846,670,1.158180894,
1847,2457,1.158823888,
1848,2072,1.159338397,
1849,300168,1.159743948,
1850,601007,1.159829268,
1851,2169,1.160957325,
1852,300223,1.161169942,
1853,2637,1.162131068,
1854,2014,1.16216123,
1855,600128,1.162377539,
1856,2219,1.162475225,
1857,603806,1.162513492,
1858,2632,1.16309413,
1859,600785,1.163137051,
1860,2017,1.163283094,
1861,300080,1.163839579,
1862,300360,1.163899008,
1863,300078,1.164050196,
1864,300305,1.16426512,
1865,300469,1.164335727,
1866,600658,1.164972074,
1867,600526,1.16514199,
1868,917,1.165866801,
1869,600461,1.166170499,
1870,300238,1.170009706,
1871,2499,1.170235124,
1872,4,1.170509698,
1873,2296,1.171816188,
1874,18,1.172136462,
1875,2347,1.172364364,
1876,600675,1.172702443,
1877,600258,1.172840305,
1878,2244,1.174072856,
1879,2158,1.174186671,
1880,768,1.174732465,
1881,600647,1.174781503,
1882,2190,1.174838372,
1883,600594,1.175724221,
1884,2056,1.177009836,
1885,2440,1.177221441,
1886,600623,1.177570338,
1887,2370,1.177657845,
1888,929,1.177850388,
1889,600167,1.178289603,
1890,600386,1.17841397,
1891,818,1.178802773,
1892,2455,1.178830434,
1893,2065,1.180892821,
1894,2752,1.181298742,
1895,600525,1.181413916,
1896,603703,1.183939565,
1897,807,1.184609956,
1898,600228,1.18553527,
1899,603885,1.186086722,
1900,300233,1.186188365,
1901,2119,1.186767222,
1902,300465,1.187901564,
1903,600203,1.188120608,
1904,300053,1.189203241,
1905,600117,1.189523389,
1906,300275,1.190438131,
1907,600970,1.191878876,
1908,300120,1.193312474,
1909,300443,1.194890717,
1910,601238,1.195446881,
1911,100,1.195820726,
1912,300439,1.196595939,
1913,600549,1.197565448,
1914,2491,1.198470162,
1915,2155,1.198929233,
1916,2460,1.199562971,
1917,300192,1.199644382,
1918,636,1.199846132,
1919,300453,1.200678246,
1920,576,1.200725685,
1921,600997,1.202796053,
1922,300112,1.204038118,
1923,600499,1.204209237,
1924,66,1.20423367,
1925,2237,1.204440147,
1926,600452,1.204991225,
1927,2311,1.206337165,
1928,300181,1.206720892,
1929,600022,1.207535721,
1930,600206,1.207732819,
1931,600711,1.208309365,
1932,600323,1.208407416,
1933,789,1.209519756,
1934,600277,1.209775042,
1935,600776,1.209867527,
1936,2741,1.210478087,
1937,600960,1.210494821,
1938,600456,1.210734352,
1939,300385,1.211170664,
1940,600781,1.211616994,
1941,37,1.212456715,
1942,300036,1.212853251,
1943,603718,1.212937603,
1944,2316,1.213555968,
1945,601011,1.213890079,
1946,50,1.214190863,
1947,2446,1.21468365,
1948,600547,1.216186909,
1949,2451,1.216891512,
1950,300409,1.217668504,
1951,600129,1.218132358,
1952,600848,1.218136741,
1953,856,1.218140041,
1954,2301,1.218216485,
1955,300068,1.218919255,
1956,300354,1.219400101,
1957,603600,1.220833966,
1958,300025,1.221581899,
1959,603,1.22224351,
1960,2268,1.222401322,
1961,600489,1.222619516,
1962,916,1.223387772,
1963,603998,1.223445328,
1964,671,1.224589836,
1965,2372,1.224767875,
1966,761,1.225240816,
1967,2288,1.226478542,
1968,600037,1.226716968,
1969,2125,1.227125757,
1970,300206,1.227218774,
1971,600897,1.227286449,
1972,300090,1.22748825,
1973,703,1.227731645,
1974,300083,1.227767221,
1975,600100,1.227857014,
1976,600988,1.229002025,
1977,300039,1.230416288,
1978,600030,1.23044478,
1979,2318,1.230525936,
1980,600764,1.230651135,
1981,2172,1.230681096,
1982,2300,1.230811885,
1983,300326,1.232772982,
1984,603698,1.233460156,
1985,925,1.233559918,
1986,603616,1.234336396,
1987,300076,1.234716463,
1988,976,1.234994042,
1989,300444,1.236277428,
1990,600306,1.236934644,
1991,2681,1.237245056,
1992,300075,1.237442845,
1993,300419,1.237598533,
1994,600,1.23788263,
1995,600019,1.237886018,
1996,2258,1.238501429,
1997,2402,1.238880191,
1998,600343,1.238927109,
1999,600783,1.239081956,
2000,2675,1.239534998,
2001,300171,1.241453045,
2002,300489,1.242765506,
2003,600793,1.244332927,
2004,300139,1.244749729,
2005,300231,1.245108751,
2006,600477,1.24532692,
2007,300491,1.24786512,
2008,2022,1.248090764,
2009,600237,1.24822487,
2010,2185,1.248578652,
2011,600595,1.249412537,
2012,603128,1.249784831,
2013,600083,1.25024695,
2014,300062,1.250296086,
2015,300244,1.250679396,
2016,2109,1.250728785,
2017,600558,1.251308336,
2018,795,1.25144991,
2019,603108,1.252291298,
2020,2520,1.253104946,
2021,300153,1.253392437,
2022,2352,1.254421897,
2023,600801,1.254573515,
2024,2132,1.257211101,
2025,600346,1.2572567,
2026,300458,1.257883231,
2027,603018,1.258343925,
2028,2466,1.258641501,
2029,2105,1.259974538,
2030,2082,1.260047963,
2031,300421,1.26030077,
2032,600963,1.260908584,
2033,300297,1.260959727,
2034,996,1.261824074,
2035,600734,1.261942496,
2036,2052,1.262132852,
2037,300348,1.262983252,
2038,600050,1.263296916,
2039,300396,1.26387925,
2040,2161,1.263887239,
2041,2562,1.26423451,
2042,603996,1.264742398,
2043,603678,1.265189535,
2044,601388,1.266499803,
2045,2156,1.267230097,
2046,601688,1.268618348,
2047,300481,1.268877848,
2048,600375,1.269795792,
2049,2571,1.270396456,
2050,2378,1.270687602,
2051,2544,1.270955279,
2052,736,1.271381636,
2053,600176,1.272141688,
2054,601231,1.272600542,
2055,2628,1.274164665,
2056,21,1.274594935,
2057,600730,1.274721362,
2058,2086,1.276970268,
2059,600999,1.277236565,
2060,600166,1.277349491,
2061,300257,1.278404173,
2062,801,1.278784734,
2063,969,1.280362071,
2064,600219,1.281334378,
2065,2463,1.281343405,
2066,600851,1.28179601,
2067,300312,1.281965628,
2068,78,1.282295897,
2069,300261,1.283201466,
2070,300337,1.284309301,
2071,751,1.284667149,
2072,300239,1.28474325,
2073,300099,1.285153893,
2074,2279,1.286650813,
2075,930,1.287018944,
2076,630,1.287281534,
2077,2113,1.288111541,
2078,2167,1.288441607,
2079,2223,1.28910063,
2080,300047,1.289366024,
2081,600119,1.289626756,
2082,600162,1.289718348,
2083,300224,1.289718424,
2084,2126,1.289934727,
2085,600807,1.290170656,
2086,2026,1.290495956,
2087,2073,1.291166071,
2088,300493,1.291407219,
2089,2609,1.292148129,
2090,2401,1.292320794,
2091,600191,1.292341536,
2092,300084,1.292553076,
2093,786,1.292940116,
2094,600571,1.293021034,
2095,600568,1.294003481,
2096,63,1.294410692,
2097,300290,1.29554278,
2098,603566,1.295880917,
2099,600533,1.296677985,
2100,2120,1.296683032,
2101,728,1.296731669,
2102,300243,1.296894436,
2103,300216,1.296954297,
2104,600449,1.297344604,
2105,2747,1.299170995,
2106,2670,1.29983592,
2107,426,1.299843618,
2108,603799,1.300037133,
2109,600498,1.300171331,
2110,813,1.300215613,
2111,603993,1.300270613,
2112,600265,1.300504507,
2113,600130,1.300596869,
2114,600242,1.300909673,
2115,655,1.301344125,
2116,601233,1.301667477,
2117,601798,1.302374193,
2118,600707,1.302490222,
2119,2406,1.302556124,
2120,300311,1.302992899,
2121,2171,1.303296356,
2122,2753,1.303661087,
2123,962,1.303916921,
2124,600308,1.303971867,
2125,600530,1.304679434,
2126,300457,1.305527093,
2127,603025,1.305673494,
2128,603456,1.30667802,
2129,300113,1.306821196,
2130,2151,1.306856677,
2131,600418,1.306987064,
2132,600862,1.307173432,
2133,600020,1.307238466,
2134,600587,1.30737009,
2135,600503,1.307478708,
2136,8,1.307651141,
2137,815,1.307683487,
2138,2398,1.307948199,
2139,1,1.308068657,
2140,2635,1.308510468,
2141,2548,1.308629367,
2142,300142,1.308715537,
2143,861,1.308887311,
2144,2332,1.308983964,
2145,300179,1.309550513,
2146,600410,1.309676224,
2147,2336,1.309705702,
2148,600133,1.3099681,
2149,958,1.310040829,
2150,2313,1.310068524,
2151,2308,1.310254381,
2152,300334,1.31032573,
2153,603268,1.310555941,
2154,600225,1.310713338,
2155,2148,1.310733553,
2156,970,1.311025535,
2157,300292,1.311245472,
2158,2785,1.311718489,
2159,600686,1.312017994,
2160,603006,1.312185786,
2161,300373,1.312559613,
2162,601377,1.313018016,
2163,2112,1.313036473,
2164,2068,1.313197218,
2165,2175,1.313312108,
2166,673,1.31345118,
2167,830,1.313793513,
2168,683,1.313899038,
2169,300450,1.314088801,
2170,600198,1.314362106,
2171,300147,1.314393113,
2172,300184,1.314416302,
2173,300296,1.314592639,
2174,712,1.314890132,
2175,600405,1.315155543,
2176,2465,1.315899308,
2177,300213,1.316801897,
2178,300073,1.31685336,
2179,2594,1.317055789,
2180,300400,1.317173532,
2181,300252,1.317977002,
2182,600230,1.318104437,
2183,2230,1.318231697,
2184,600403,1.318288705,
2185,300270,1.318314282,
2186,600070,1.318324949,
2187,300379,1.318608642,
2188,600705,1.318752113,
2189,600567,1.318840678,
2190,600570,1.31910686,
2191,600055,1.319328849,
2192,300212,1.319337352,
2193,300386,1.319382904,
2194,697,1.319523445,
2195,2428,1.319745582,
2196,2340,1.319783035,
2197,603866,1.319975755,
2198,603696,1.320124707,
2199,300317,1.320179732,
2200,2118,1.320367053,
2201,300030,1.320571,
2202,600339,1.320843646,
2203,600802,1.321012706,
2204,2651,1.321017334,
2205,2094,1.321047902,
2206,600531,1.321866909,
2207,601919,1.321980583,
2208,300447,1.322425439,
2209,600120,1.322761238,
2210,600815,1.323051538,
2211,2337,1.323090387,
2212,2303,1.323225711,
2213,600161,1.323234112,
2214,2049,1.323322962,
2215,2063,1.323372833,
2216,2597,1.323613064,
2217,300170,1.323663521,
2218,650,1.323695325,
2219,600105,1.323704581,
2220,2375,1.323965763,
2221,300063,1.324160291,
2222,600233,1.324317209,
2223,2114,1.324682332,
2224,600460,1.324793795,
2225,2149,1.32499897,
2226,300247,1.325400436,
2227,601126,1.325859441,
2228,2122,1.32638149,
2229,2339,1.326450312,
2230,892,1.326590346,
2231,2698,1.326849763,
2232,600260,1.326855169,
2233,300035,1.326863055,
2234,601567,1.326873202,
2235,603188,1.326954022,
2236,300066,1.327019,
2237,2513,1.327142453,
2238,300229,1.327712372,
2239,828,1.327836574,
2240,601168,1.32794059,
2241,603686,1.327978293,
2242,2207,1.328064115,
2243,300304,1.328247717,
2244,600874,1.328733916,
2245,600763,1.328822802,
2246,2135,1.329649839,
2247,2506,1.329690726,
2248,600212,1.329859327,
2249,2242,1.329940337,
2250,300353,1.330327603,
2251,2407,1.330339241,
2252,600668,1.330353783,
2253,300014,1.330450366,
2254,300426,1.330549011,
2255,2153,1.330626071,
2256,600279,1.330674115,
2257,300045,1.330862627,
2258,2683,1.330950735,
2259,2505,1.330976346,
2260,600388,1.331055901,
2261,2390,1.33107411,
2262,600459,1.331086465,
2263,725,1.331230042,
2264,600356,1.331398744,
2265,2709,1.331774904,
2266,601333,1.331795107,
2267,600367,1.331802579,
2268,2636,1.33187902,
2269,600220,1.332077336,
2270,601678,1.3321969,
2271,300240,1.332314216,
2272,600966,1.332453529,
2273,300338,1.332524196,
2274,2588,1.332659627,
2275,524,1.33269915,
2276,300102,1.333059154,
2277,300347,1.333206397,
2278,600028,1.333272464,
2279,2601,1.333290651,
2280,601958,1.333376154,
2281,2678,1.333445966,
2282,600241,1.333468691,
2283,300157,1.333487813,
2284,600651,1.333766192,
2285,300132,1.333860401,
2286,959,1.334007141,
2287,612,1.334023878,
2288,2276,1.334040004,
2289,300470,1.334082853,
2290,838,1.334101513,
2291,60,1.334175655,
2292,300408,1.334247696,
2293,600774,1.334294947,
2294,2614,1.334523103,
2295,601636,1.334643219,
2296,2273,1.334645286,
2297,300451,1.334723219,
2298,300038,1.334742448,
2299,600767,1.334801342,
2300,600466,1.334843785,
2301,2430,1.334885858,
2302,600641,1.334890908,
2303,2067,1.334990277,
2304,600103,1.335167708,
2305,300319,1.335194677,
2306,2047,1.335591612,
2307,2335,1.335669376,
2308,300350,1.336090791,
2309,2599,1.336221914,
2310,401,1.336260043,
2311,2547,1.336543932,
2312,300430,1.336705,
2313,597,1.336812615,
2314,600469,1.336825641,
2315,300371,1.336883021,
2316,600330,1.336988127,
2317,300294,1.337079928,
2318,300146,1.337198641,
2319,300050,1.337391996,
2320,600516,1.337453394,
2321,2195,1.337649136,
2322,547,1.337682379,
2323,2707,1.337825778,
2324,510,1.337848081,
2325,2468,1.337862121,
2326,778,1.337864162,
2327,300253,1.338302902,
2328,600139,1.338386794,
2329,2319,1.338499255,
2330,2036,1.338566415,
2331,2253,1.3385679,
2332,603012,1.338589851,
2333,839,1.338732499,
2334,2359,1.338806503,
2335,300306,1.339375904,
2336,600585,1.339433805,
2337,300269,1.339631264,
2338,300406,1.339635058,
2339,2472,1.339783016,
2340,2377,1.339802242,
2341,600476,1.339959671,
2342,600035,1.340369684,
2343,300098,1.340748856,
2344,39,1.340931459,
2345,559,1.341036502,
2346,603636,1.341194596,
2347,600980,1.341284986,
2348,2521,1.341360424,
2349,600026,1.341383035,
2350,600888,1.341433809,
2351,623,1.341475761,
2352,603788,1.341584027,
2353,2512,1.341646883,
2354,2622,1.341744855,
2355,300367,1.342069913,
2356,600883,1.342096923,
2357,600288,1.342189754,
2358,2138,1.342263827,
2359,2183,1.342301972,
2360,158,1.342307716,
2361,601515,1.342346417,
2362,300255,1.342496989,
2363,68,1.342532346,
2364,300009,1.342744028,
2365,300046,1.342890863,
2366,600008,1.342916848,
2367,300071,1.342928072,
2368,300119,1.342929881,
2369,300215,1.343072122,
2370,300116,1.34325322,
2371,600586,1.343281197,
2372,600622,1.343420455,
2373,600619,1.343430998,
2374,603311,1.343515585,
2375,2564,1.343609356,
2376,2591,1.344028333,
2377,600497,1.344448471,
2378,300141,1.344576592,
2379,61,1.344886471,
2380,300158,1.345100145,
2381,2205,1.34521114,
2382,657,1.345295642,
2383,300166,1.345309698,
2384,600604,1.345376894,
2385,2074,1.345421304,
2386,400,1.345533488,
2387,300460,1.345596159,
2388,601010,1.34560088,
2389,2433,1.34562135,
2390,600295,1.346019132,
2391,2196,1.346289662,
2392,600444,1.346813982,
2393,603808,1.347587334,
2394,2212,1.34768394,
2395,600550,1.347697538,
2396,2553,1.347787174,
2397,600200,1.348034433,
2398,948,1.348180496,
2399,2061,1.348212513,
2400,300027,1.348296911,
2401,2004,1.348345113,
2402,2365,1.348391253,
2403,600470,1.348598243,
2404,731,1.348627523,
2405,600270,1.348861679,
2406,988,1.349279943,
2407,300196,1.349528625,
2408,300403,1.349573367,
2409,2437,1.349581471,
2410,300259,1.349673259,
2411,300263,1.349786971,
2412,593,1.350098261,
2413,600601,1.350138044,
2414,601169,1.350165011,
2415,40,1.35018567,
2416,600060,1.350281954,
2417,2666,1.350631101,
2418,600211,1.350680781,
2419,600381,1.350705203,
2420,600778,1.350705946,
2421,300042,1.350738053,
2422,600004,1.35086062,
2423,300037,1.350905091,
2424,300293,1.351019451,
2425,300333,1.351147915,
2426,690,1.351250273,
2427,2501,1.351353568,
2428,601788,1.351417359,
2429,300433,1.351424354,
2430,300127,1.351459329,
2431,2480,1.351500013,
2432,600639,1.352143819,
2433,601113,1.352158406,
2434,600118,1.352419766,
2435,421,1.352454286,
2436,601555,1.352900636,
2437,2250,1.352962157,
2438,300180,1.352973511,
2439,425,1.352989082,
2440,600268,1.353032411,
2441,300067,1.35306315,
2442,2037,1.353299132,
2443,2249,1.353420757,
2444,601766,1.353528631,
2445,826,1.353723412,
2446,300013,1.35404589,
2447,600621,1.3543243,
2448,625,1.35472314,
2449,2647,1.354927615,
2450,2111,1.354955429,
2451,2616,1.355080342,
2452,300008,1.355622994,
2453,600480,1.355678528,
2454,2384,1.355680202,
2455,600677,1.355711083,
2456,300256,1.355788607,
2457,2182,1.355947479,
2458,600614,1.355966825,
2459,2200,1.356003065,
2460,2239,1.356005916,
2461,2692,1.356039266,
2462,603508,1.356220862,
2463,600523,1.356526188,
2464,2136,1.356588986,
2465,410,1.35693784,
2466,601985,1.357032375,
2467,2176,1.357111561,
2468,9,1.357177924,
2469,600110,1.35752906,
2470,300044,1.357661317,
2471,601800,1.357719495,
2472,600075,1.357761681,
2473,2502,1.357957226,
2474,2498,1.357967019,
2475,2345,1.358174496,
2476,600560,1.358220187,
2477,850,1.358223101,
2478,2767,1.358468327,
2479,300279,1.358817081,
2480,300111,1.358844698,
2481,600835,1.358970849,
2482,2034,1.358993558,
2483,300193,1.359193999,
2484,2587,1.359289569,
2485,600061,1.35943114,
2486,603199,1.35967184,
2487,600249,1.35994251,
2488,600416,1.359979815,
2489,601566,1.360132959,
2490,300278,1.360244988,
2491,300344,1.360524411,
2492,2578,1.360603738,
2493,2400,1.360774093,
2494,721,1.361082844,
2495,601069,1.361140542,
2496,2600,1.361245294,
2497,300429,1.361512823,
2498,601899,1.361545783,
2499,2184,1.361552669,
2500,300118,1.361772281,
2501,600366,1.361864746,
2502,300088,1.361957911,
2503,42,1.362215696,
2504,300207,1.362221102,
2505,603015,1.362818263,
2506,600649,1.362832082,
2507,2198,1.362835324,
2508,600496,1.362904183,
2509,600256,1.363124769,
2510,601718,1.363131608,
2511,2209,1.363196204,
2512,2630,1.363280956,
2513,600006,1.363335482,
2514,601018,1.36335698,
2515,300183,1.363450624,
2516,2769,1.363636449,
2517,2334,1.363653326,
2518,601188,1.363745632,
2519,800,1.363933966,
2520,600446,1.364068231,
2521,601866,1.364072585,
2522,605,1.364180734,
2523,2002,1.364265764,
2524,822,1.364684041,
2525,600266,1.364829406,
2526,300002,1.36487112,
2527,2261,1.365133716,
2528,2079,1.365147524,
2529,300101,1.365310653,
2530,2411,1.365345122,
2531,300198,1.365370456,
2532,600171,1.365413954,
2533,600843,1.365414802,
2534,2057,1.365843581,
2535,600539,1.366906041,
2536,600273,1.36697873,
2537,2042,1.367097173,
2538,2254,1.367507556,
2539,2581,1.367556826,
2540,2046,1.367871288,
2541,300374,1.367999317,
2542,88,1.368446071,
2543,300449,1.368627562,
2544,600458,1.36877146,
2545,600281,1.368836777,
2546,920,1.368972813,
2547,300137,1.369450411,
2548,2443,1.369463184,
2549,600376,1.369643582,
2550,300365,1.370491328,
2551,338,1.370503828,
2552,2231,1.37096403,
2553,600613,1.371217729,
2554,600122,1.371983021,
2555,600753,1.372016084,
2556,2542,1.372215358,
2557,2089,1.372289673,
2558,2164,1.372292094,
2559,2314,1.372472612,
2560,600210,1.372546795,
2561,2353,1.37257396,
2562,601992,1.37293771,
2563,300001,1.373215524,
2564,300442,1.373400301,
2565,603026,1.373610082,
2566,600012,1.373728206,
2567,600184,1.373862438,
2568,600094,1.373992567,
2569,600352,1.373994961,
2570,2364,1.374160736,
2571,2298,1.3743536,
2572,2150,1.37436496,
2573,600787,1.374425807,
2574,600751,1.37449387,
2575,600072,1.37477811,
2576,300048,1.374824005,
2577,2241,1.374863175,
2578,603969,1.375101918,
2579,600967,1.37615909,
2580,536,1.37622536,
2581,918,1.376384272,
2582,603366,1.376548481,
2583,2092,1.376571881,
2584,2342,1.376807932,
2585,300378,1.376919155,
2586,600422,1.376995408,
2587,300178,1.377809537,
2588,603318,1.377944691,
2589,300300,1.378022,
2590,601139,1.378246541,
2591,2376,1.378591641,
2592,62,1.378786102,
2593,600251,1.3789635,
2594,732,1.379419809,
2595,981,1.379456657,
2596,600548,1.380196439,
2597,2078,1.380345258,
2598,600678,1.380442453,
2599,600687,1.380759773,
2600,662,1.381797594,
2601,48,1.381942973,
2602,600057,1.382657834,
2603,2721,1.382769723,
2604,59,1.383067364,
2605,601198,1.383068203,
2606,545,1.385910792,
2607,603022,1.389107821,
2608,809,1.389683121,
2609,2551,1.396520347,
2610,300412,1.399560604,
2611,300314,1.399667669,
2612,301,138.9174755,
2613,678,194.5974755,
2614,2432,292.5174755,
2615,300436,1059.557475,