date,floor_price,opening_price,ceiling_price,volume,closing_price
2012-12-05,18.190,18.340,19.400,1653226,19.060
2012-12-06,18.880,19.060,19.470,1360737,19.380
2012-12-07,19.040,19.360,19.580,1530809,19.380
2012-12-10,19.240,19.310,19.640,1325187,19.600
2012-12-11,19.360,19.510,20.100,1839977,19.560
2012-12-12,19.100,19.600,19.610,919143,19.500
2012-12-13,19.270,19.480,19.820,793089,19.600
2012-12-14,19.500,19.600,20.450,1981356,20.290
2012-12-17,19.990,20.310,20.800,1835068,20.100
2013-02-05,22.110,22.110,22.110,165992,22.110
2013-02-06,24.160,24.320,24.320,3891687,24.320
2013-02-07,23.870,24.900,26.000,5358659,24.500
2013-02-08,23.700,24.480,24.580,2653778,24.180
2013-02-18,24.070,24.070,25.300,2252139,24.680
2013-02-19,23.560,24.700,24.880,2044172,23.640
2013-02-20,23.400,23.660,24.090,1473694,24.050
2013-02-21,23.690,23.700,25.240,3371449,25.160
2013-02-22,24.500,25.130,25.280,1708128,24.530
2013-02-25,23.550,24.100,24.680,1678844,23.920
2013-02-26,23.310,23.920,23.990,1261766,23.310
2013-02-27,22.840,23.310,23.900,1559252,23.610
2013-02-28,23.400,23.760,24.150,1400750,23.970
2013-03-01,23.130,23.970,23.970,2362085,23.450
2013-03-04,21.450,22.660,22.770,1955540,21.490
2013-03-05,20.840,21.490,22.150,1028285,22.000
2013-03-06,21.910,21.910,22.480,837160,22.070
2013-03-07,21.650,22.120,22.390,815942,21.860
2013-03-08,21.710,21.880,22.480,685719,21.880
2013-03-11,21.800,22.070,22.450,862554,22.300
2013-03-12,21.860,22.300,22.680,981662,21.930
2013-03-13,20.880,21.910,22.100,976837,21.580
2013-03-14,21.400,21.600,21.680,533992,21.420
2013-03-15,20.880,21.420,21.600,788981,21.210
2013-03-18,21.010,21.220,21.590,1165391,21.390
2013-03-19,21.210,21.390,22.300,1999867,22.130
2013-03-20,21.840,22.150,22.750,1932935,22.660
2013-03-21,22.380,22.530,22.890,1111710,22.830
2013-03-22,22.630,22.830,22.990,601285,22.800
2013-03-25,22.680,22.680,23.390,921000,23.240
2013-03-26,22.800,23.000,23.680,887329,22.960
2013-03-27,22.500,22.700,23.700,582172,22.790
2013-03-28,21.770,22.550,22.550,859060,21.900
2013-03-29,21.420,21.990,22.380,494395,22.320
2013-04-01,22.200,22.200,23.400,975426,23.080
2013-04-02,22.660,23.080,23.480,973302,22.810
2013-04-03,22.350,22.630,22.990,421161,22.800
2013-04-08,22.250,22.490,23.000,499757,22.850
2013-04-09,22.910,23.000,23.620,1187274,23.620
2013-04-10,23.080,23.700,23.900,1069535,23.860
2013-04-11,23.880,23.880,24.900,2023478,24.850
2013-04-12,24.450,24.850,25.080,1146466,24.550
2013-04-15,23.140,23.800,23.850,1322346,23.400
2013-04-16,22.850,22.850,23.870,817537,23.680
2013-04-17,23.290,23.510,23.950,594907,23.520
2013-04-18,23.400,23.510,23.850,517251,23.480
2013-04-19,23.250,23.510,23.750,949668,23.670
2013-04-22,22.580,23.640,23.650,1452433,22.700
2013-04-23,22.500,22.610,22.860,519338,22.560
2013-04-24,22.470,22.510,23.180,479592,22.800
2013-04-25,22.810,22.810,23.550,1262107,23.500
2013-04-26,23.150,23.680,23.680,717737,23.250
2013-05-02,22.980,23.120,23.860,511396,23.190
2013-05-03,23.220,23.250,23.620,585580,23.480
2013-05-06,23.340,23.400,23.600,498108,23.500
2013-05-07,23.410,23.520,24.230,732003,23.780
2013-05-08,23.080,23.080,23.920,866952,23.480
2013-05-09,23.240,23.280,23.820,879335,23.780
2013-05-10,23.500,23.810,23.990,629674,23.610
2013-05-13,23.220,23.600,23.600,414812,23.350
2013-05-14,22.860,23.300,23.490,634558,23.010
2013-05-15,22.600,23.210,23.300,642797,23.130
2013-05-16,22.900,23.140,23.960,960346,23.920
2013-05-17,23.800,23.800,24.960,1947739,24.650
2013-05-20,24.250,24.690,24.900,1680733,24.280
2013-05-21,24.200,24.280,25.100,1539510,25.060
2013-05-22,25.070,25.070,26.150,2183855,25.420
2013-05-23,25.160,25.400,26.350,1939115,25.900
2013-05-24,25.790,25.790,27.360,2874914,27.360
2013-05-27,26.870,27.380,27.480,1461865,27.330
2013-05-28,26.920,27.300,28.250,2852039,28.030
2013-05-29,27.560,28.200,28.300,3231600,27.650
2013-05-30,26.950,27.290,27.290,1540911,26.980
2013-05-31,26.600,26.900,27.300,959682,27.050
2013-06-03,27.080,27.160,28.150,1723838,27.910
2013-06-04,27.520,28.160,28.190,983252,27.990
2013-06-05,27.110,27.800,28.080,1117047,27.600
2013-06-06,27.070,27.450,27.590,748836,27.090
2013-06-07,26.060,27.000,27.220,873755,26.330
2013-06-13,26.200,26.200,28.370,1720827,27.750
2013-06-14,27.160,28.100,28.310,2451540,27.160
2013-06-17,26.010,27.160,28.000,1598042,27.990
2013-06-18,27.010,28.280,28.340,830860,27.450
2013-06-19,26.650,27.140,27.860,588565,27.830
2013-06-20,26.900,27.810,27.810,598204,27.130
2013-06-21,26.310,26.910,27.470,520544,27.080
2013-06-24,24.800,27.000,27.050,1036466,25.800
2013-06-25,24.660,25.200,26.000,1454544,25.960
2013-06-26,25.640,26.010,26.290,752442,25.960
2013-06-27,25.520,26.280,26.300,582599,25.550
2013-06-28,25.050,25.290,26.620,783538,25.870
2013-07-01,25.200,25.600,25.990,397828,25.950
2013-07-02,25.500,26.000,26.810,624944,26.530
2013-07-03,26.240,26.500,26.830,616952,26.710
2013-07-04,26.400,26.730,27.300,947300,26.550
2013-07-05,26.510,26.580,27.350,908742,26.730
2013-07-08,25.530,26.510,26.510,643931,25.770
2013-07-09,25.590,25.680,26.430,300125,25.840
2013-07-10,25.660,25.660,26.480,308470,26.400
2013-07-11,26.400,26.450,27.170,1044716,26.850
2013-07-12,26.000,26.850,26.950,592811,26.450
2013-07-15,26.320,26.360,27.000,768377,26.970
2013-07-16,26.450,26.750,27.180,892393,27.080
2013-07-17,26.600,27.070,27.090,699627,26.900
2013-07-18,26.550,26.940,27.000,428867,26.610
2013-07-19,25.400,26.620,26.850,860956,25.430
2013-07-22,24.810,25.330,25.510,657946,25.370
2013-07-23,25.380,25.740,25.980,597492,25.760
2013-07-24,25.000,25.950,25.950,741508,25.300
2013-07-25,25.130,25.310,25.650,287078,25.310
2013-07-26,24.900,25.070,25.430,230356,24.930
2013-07-29,23.900,24.850,24.870,365489,24.400
2013-07-30,23.900,24.330,24.950,333057,24.300
2013-07-31,24.500,24.800,25.540,410757,24.530
2013-08-01,24.250,24.260,25.000,720265,25.000
2013-08-02,25.020,25.020,25.350,481088,25.250
2013-08-05,24.410,25.020,25.020,354036,24.860
2013-08-06,24.350,24.790,24.850,668172,24.710
2013-08-07,24.550,24.550,25.310,524056,24.920
2013-08-08,24.450,24.730,24.970,273275,24.560
2013-08-09,24.500,24.790,24.800,246276,24.580
2013-08-12,24.560,24.560,25.800,936761,25.580
2013-08-13,25.340,25.600,25.880,689783,25.800
2013-08-14,25.620,25.900,25.970,331218,25.800
2013-08-15,25.550,25.780,25.900,322221,25.780
2013-08-16,25.500,25.800,26.150,395393,25.660
2013-08-19,25.340,25.740,25.740,336093,25.710
2013-08-20,25.520,25.520,26.100,261605,25.760
2013-08-21,25.500,26.000,26.500,552467,26.290
2013-08-22,25.990,26.690,26.690,434444,26.120
2013-08-23,25.650,26.390,26.400,413850,25.720
2013-08-26,25.710,26.180,26.260,319900,26.220
2013-08-27,25.860,25.860,26.500,328015,26.430
2013-08-28,26.070,26.400,26.620,411769,26.300
2013-08-29,26.170,26.500,26.500,305266,26.430
2013-08-30,26.230,26.230,26.980,955626,26.600
2013-09-02,25.650,26.600,26.950,641961,26.030
2013-09-03,25.850,25.870,26.360,397254,26.100
2013-09-04,26.040,26.260,26.600,412738,26.140
2013-09-05,25.890,26.350,26.350,433826,26.100
2013-09-06,25.610,26.140,26.140,456727,25.820
2013-09-09,25.820,25.840,26.600,658842,26.370
2013-09-10,26.060,26.330,26.900,721615,26.780
2013-09-11,26.410,26.800,27.100,391806,26.670
2013-09-12,26.330,26.690,26.700,365362,26.630
2013-09-13,26.310,26.500,26.690,408478,26.570
2013-09-16,26.230,26.930,26.930,346937,26.320
2013-09-17,25.710,26.250,26.250,241781,25.750
2013-09-18,25.450,25.520,25.880,245149,25.680
2013-09-23,25.510,25.680,25.900,294592,25.890
2013-09-24,25.600,25.620,25.910,228869,25.790
2013-09-25,25.380,25.800,25.980,283486,25.500
2013-09-26,25.260,25.490,25.700,285885,25.500
2013-09-27,24.700,25.320,25.990,404631,25.990
2013-09-30,25.500,25.980,26.150,389080,25.840
2013-10-08,25.270,25.270,25.990,265311,25.850
2013-10-09,25.600,25.790,26.000,314524,25.800
2013-10-10,25.550,25.550,26.870,842557,26.800
2013-10-11,26.210,26.880,26.880,530718,26.420
2013-10-14,26.220,26.420,26.510,371681,26.390
2013-10-15,25.330,26.600,26.600,509212,26.300
2013-10-16,25.710,25.730,26.190,460612,26.000
2013-10-17,25.620,25.870,26.290,299227,26.000
2013-10-18,25.750,26.130,26.140,173295,25.980
2013-10-21,25.730,25.980,26.000,420229,25.990
2013-10-22,25.650,25.960,25.960,359718,25.910
2013-10-23,25.010,25.890,25.890,409178,25.650
2013-10-24,25.000,25.780,25.780,461611,25.450
2013-10-25,25.000,25.340,25.340,281837,25.270
2013-10-28,25.000,25.450,25.450,193887,25.280
2013-10-29,24.580,25.170,25.600,546123,25.100
2013-10-30,24.840,25.170,25.170,109122,25.090
2013-10-31,24.940,24.940,25.500,234477,25.120
2013-11-01,24.780,25.010,25.070,178527,24.850
2013-11-04,24.690,24.930,25.040,92133,24.760
2013-11-05,24.310,24.960,24.960,282885,24.800
2013-11-06,24.430,24.430,25.100,223549,24.870
2013-11-07,25.180,25.200,27.360,1588408,26.680
2013-11-08,26.310,26.830,27.000,1208690,26.720
2013-11-11,25.810,26.410,26.870,569120,26.280
2013-11-12,26.000,26.280,26.800,325401,26.260
2013-11-13,25.630,26.200,26.260,328817,25.760
2013-11-14,25.360,25.360,25.890,302757,25.430
2013-11-15,25.150,25.420,25.880,274737,25.710
2013-11-18,25.710,25.710,26.050,248493,25.970
2013-11-19,25.720,25.720,26.450,495853,26.300
2013-11-20,26.060,26.330,26.500,297820,26.370
2013-11-21,25.750,26.270,26.270,285401,26.080
2013-11-22,25.900,25.900,26.960,1521386,26.460
2013-11-25,26.060,26.520,26.690,366548,26.100
2013-11-26,25.770,26.010,26.270,196022,25.900
2013-11-27,25.770,25.910,25.990,193915,25.900
2013-11-28,25.790,25.880,26.160,323326,25.800
2013-11-29,25.600,25.730,25.970,353845,25.720
2013-12-02,24.700,25.700,25.700,469751,25.000
2013-12-03,24.750,25.000,25.170,227880,25.160
2013-12-04,24.820,25.180,25.420,252471,25.230
2013-12-05,25.060,25.060,25.470,179445,25.400
2013-12-06,25.070,25.400,25.430,95365,25.370
2013-12-09,25.280,25.370,25.490,134893,25.410
2013-12-10,25.330,25.400,25.800,208824,25.600
2013-12-11,25.450,25.480,25.990,1135075,25.820
2013-12-12,25.610,25.990,25.990,1279652,25.610
2013-12-13,25.500,25.610,26.240,1623358,26.100
2013-12-16,25.900,26.190,26.190,855121,25.900
2013-12-17,25.530,25.530,25.980,670123,25.870
2013-12-18,25.500,25.990,25.990,151473,25.650
2013-12-19,25.560,25.790,25.910,509574,25.610
2013-12-20,25.060,25.550,25.730,430586,25.440
2013-12-23,25.380,25.880,25.880,833860,25.400
2013-12-24,25.200,25.400,25.500,267164,25.470
2013-12-25,25.220,25.760,25.760,94939,25.480
2013-12-26,25.470,25.470,25.830,287523,25.610
2013-12-27,25.590,25.600,25.830,169800,25.730
2013-12-30,25.000,25.700,25.800,268916,25.630
2013-12-31,25.140,25.200,25.740,136959,25.600
2014-01-02,25.390,25.390,25.730,113941,25.600
2014-01-03,25.150,25.150,25.600,116541,25.260
2014-01-06,24.890,25.500,25.500,212425,24.890
2014-01-07,24.780,24.900,25.200,191729,24.990
2014-01-08,24.800,25.280,25.900,132723,24.980
2014-01-09,24.600,24.700,25.080,164643,24.680
2014-01-10,24.500,24.700,24.870,132416,24.520
2014-01-13,24.050,24.320,24.600,132769,24.360
2014-01-14,24.060,24.150,24.360,105297,24.300
2014-01-15,24.000,24.130,24.330,121833,24.100
2014-01-16,23.940,24.090,24.200,128853,24.190
2014-01-17,23.800,24.180,25.620,341101,24.750
2014-01-20,24.000,24.030,24.390,117793,24.040
2014-01-21,24.040,24.120,24.300,98502,24.040
2014-01-22,24.000,24.010,24.770,351590,24.430
2014-01-23,24.010,24.700,24.700,405984,24.080
2014-01-24,24.010,24.200,24.440,268899,24.280
2014-01-27,24.200,24.280,24.450,316682,24.400
2014-01-28,24.130,24.350,24.460,320663,24.140
2014-01-29,24.120,24.300,24.390,141201,24.240
2014-01-30,24.010,24.010,24.330,305537,24.220
2014-02-07,23.900,24.010,24.200,167430,24.100
2014-02-10,23.900,24.000,24.200,1159010,23.900
2014-02-11,23.720,23.900,24.000,806731,23.800
2014-02-12,23.460,23.800,23.900,818585,23.770
2014-02-13,23.800,23.860,24.120,1043997,24.070
2014-02-14,23.980,24.160,24.280,648911,24.050
2014-02-17,23.590,23.930,24.050,808477,23.760
2014-02-18,23.290,23.750,23.750,848604,23.350
2014-02-19,23.300,23.360,24.070,1430795,24.070
2014-02-20,24.060,24.330,25.480,1862793,24.110
2014-02-21,23.700,24.200,24.430,683606,24.080
2014-02-24,23.340,23.650,24.000,1181102,23.680
2014-02-25,22.510,23.540,23.630,1181690,22.710
2014-02-26,21.680,22.710,22.710,1059821,22.000
2014-02-27,21.920,22.000,22.340,351767,22.000
2014-02-28,21.030,22.000,22.130,278112,22.000
2014-03-03,21.860,22.070,22.370,308381,22.370
2014-03-04,22.140,22.440,22.440,164435,22.180
2014-03-05,22.000,22.130,22.400,240833,22.000
2014-03-06,21.370,22.070,22.700,470213,22.590
2014-03-07,21.710,22.350,22.550,325255,21.790
2014-03-10,20.000,21.800,22.160,734767,20.030
2014-03-11,19.810,20.050,20.200,410196,20.080
2014-03-12,19.700,19.720,20.180,735620,19.720
2014-03-13,19.570,19.800,20.180,536742,20.180
2014-03-14,19.560,20.180,20.250,959157,19.770
2014-03-17,19.490,19.800,20.000,936962,19.830
2014-03-18,19.770,19.830,20.220,812720,20.160
2014-03-19,19.600,20.190,20.190,498462,19.780
2014-03-20,19.650,19.940,20.110,638907,19.710
2014-03-21,19.530,19.630,20.920,1283165,20.710
2014-03-24,20.530,20.800,21.490,1230646,21.000
2014-03-25,20.610,21.090,21.290,910845,21.060
2014-03-26,21.220,21.240,22.900,1632442,22.890
2014-03-27,22.610,22.990,24.430,2048297,22.880
2014-03-28,22.200,22.810,23.480,1142711,23.390
2014-03-31,22.500,23.380,23.380,587790,22.780
2014-04-01,22.620,22.970,22.970,338845,22.880
2014-04-02,22.660,22.780,24.000,1027046,23.550
2014-04-03,22.700,23.890,23.890,497923,23.030
2014-04-04,22.730,23.020,24.000,976972,23.710
2014-04-08,23.410,23.730,23.880,484264,23.730
2014-04-09,23.510,23.860,23.860,327304,23.700
2014-04-10,23.360,23.510,23.860,563155,23.500
2014-04-11,23.310,23.490,23.660,249310,23.500
2014-04-14,23.310,23.500,23.760,263825,23.580
2014-04-15,23.000,23.310,23.580,337199,23.140
2014-04-16,22.920,22.920,23.360,475820,23.340
2014-04-17,23.090,23.340,23.520,268936,23.180
2014-04-18,23.160,23.200,23.380,180172,23.200
2014-04-21,22.840,23.160,23.200,321895,22.930
2014-04-22,22.120,22.900,23.010,320178,22.850
2014-04-23,22.600,22.920,23.000,138804,22.800
2014-04-24,23.200,23.200,23.980,363847,23.380
2014-04-25,22.700,23.100,23.530,334984,23.050
2014-04-28,22.500,22.500,23.390,264843,22.680
2014-04-29,21.800,22.600,22.870,343899,22.070
2014-04-30,21.800,22.350,22.410,215480,22.080
2014-05-05,21.900,21.900,22.290,283843,22.260
2014-05-06,22.130,22.130,22.870,335854,22.740
2014-05-07,22.500,22.740,22.890,266583,22.520
2014-05-08,22.300,22.310,23.000,368340,22.820
2014-05-09,22.530,23.150,23.150,210485,22.630
2014-05-12,22.710,22.970,22.970,205284,22.860
2014-05-13,23.000,23.000,23.380,253483,23.120
2014-05-14,23.130,23.200,23.480,380146,23.250
2014-05-15,22.810,23.200,23.240,333080,22.810
2014-05-16,22.500,22.960,22.960,135081,22.650
2014-05-19,21.500,22.650,22.670,415109,21.830
2014-05-20,21.560,21.840,22.000,284190,21.630
2014-05-21,21.600,21.680,21.970,201352,21.880
2014-05-22,21.820,22.080,22.250,187300,21.910
2014-05-23,21.820,21.910,22.150,303545,22.040
2014-05-26,21.960,22.090,22.230,286090,22.200
2014-05-27,22.130,22.140,22.380,251921,22.190
2014-05-28,22.130,22.150,22.300,234040,22.260
2014-05-29,22.160,22.260,22.800,561672,22.610
2014-05-30,22.010,22.500,22.640,322531,22.400
2014-06-03,22.180,22.840,22.840,265402,22.200
2014-06-04,21.670,22.150,22.210,358626,21.940
2014-06-05,22.190,22.200,24.130,1476714,23.800
2014-06-06,23.310,23.940,24.080,748987,23.430
2014-06-09,23.220,23.430,23.990,743948,23.580
2014-06-10,23.520,23.900,23.900,840767,23.700
2014-06-11,23.350,23.580,23.830,864719,23.600
2014-06-12,11.310,11.640,11.640,1225671,11.320
2014-06-13,11.010,11.320,11.410,1251745,11.250
2014-06-16,11.170,11.230,11.360,846328,11.270
2014-06-17,11.190,11.250,11.440,885606,11.250
2014-06-18,11.000,11.250,11.250,1078488,11.050
2014-06-19,10.510,11.050,11.160,1163724,10.510
2014-06-20,10.490,10.500,10.690,767654,10.680
2014-06-23,10.690,10.700,10.900,556137,10.740
2014-06-24,10.600,10.990,10.990,610513,10.780
2014-06-25,10.650,10.750,10.780,397945,10.700
2014-06-26,10.680,10.680,10.830,663501,10.800
2014-06-27,10.750,10.870,10.870,592536,10.760
2014-06-30,10.710,10.760,10.920,700986,10.860
2014-07-01,10.800,10.890,11.000,1108297,10.930
2014-07-02,10.850,10.980,11.060,1166761,10.920
2014-07-03,10.920,10.930,11.110,883502,11.030
2014-07-04,10.920,11.040,11.090,871892,10.970
2014-07-07,10.980,10.980,11.260,1834600,11.170
2014-07-08,10.950,11.170,11.220,1404977,11.080
2014-07-09,11.000,11.010,11.180,1409621,11.020
2014-07-10,10.910,10.920,11.100,1228209,11.050
2014-07-11,11.060,11.100,11.480,2545738,11.360
2014-07-14,11.230,11.270,11.450,936899,11.330
2014-07-15,11.120,11.300,11.430,1874169,11.350
2014-07-16,11.260,11.350,11.410,748972,11.340
2014-07-17,11.210,11.350,11.380,715919,11.250
2014-07-18,11.200,11.290,11.600,2000990,11.530
2014-07-21,11.250,11.490,11.500,1300482,11.360
2014-07-22,11.250,11.250,11.590,1458725,11.380
2014-07-23,11.180,11.390,11.490,1263202,11.260
2014-07-24,11.190,11.310,11.650,3348172,11.510
2014-07-25,11.300,11.510,11.550,1739958,11.450
2014-07-28,11.360,11.400,11.640,4934517,11.590
2014-07-29,11.590,11.630,12.160,6510563,11.980
2014-07-30,11.710,11.970,12.150,4418906,11.860
2014-07-31,11.760,11.800,11.980,2220114,11.890
2014-08-01,11.770,11.990,11.990,3752000,11.850
2014-08-04,11.690,11.850,11.890,3808182,11.870
2014-08-05,11.710,11.860,11.860,2031838,11.770
2014-08-06,11.700,11.750,11.780,1480726,11.750
2014-08-07,11.590,11.760,11.770,1896525,11.600
2014-08-08,11.560,11.570,11.690,1151798,11.670
2014-08-11,11.640,11.670,11.840,1923928,11.800
2014-08-12,11.700,11.790,11.930,2806841,11.890
2014-08-13,11.740,11.890,11.990,2503551,11.880
2014-08-14,11.750,11.890,11.950,2406691,11.780
2014-08-15,11.730,11.750,11.880,2074824,11.850
2014-08-18,11.800,11.840,12.290,5452487,12.250
2014-08-19,12.010,12.240,12.290,4300603,12.130
2014-08-20,11.980,12.130,12.180,3594272,12.000
2014-08-21,11.890,12.010,12.260,3203248,12.180
2014-08-22,12.140,12.250,12.300,2837260,12.240
2014-08-25,12.050,12.240,12.270,1998070,12.100
2014-08-26,11.710,12.080,12.080,2667989,11.810
2014-08-27,11.600,11.800,11.800,1840955,11.710
2014-08-28,11.600,11.720,11.780,1293684,11.720
2014-08-29,11.630,11.730,11.750,1296751,11.750
2014-09-01,11.720,11.720,12.130,3558807,11.960
2014-09-02,11.960,11.960,12.150,4410831,12.050
2014-09-03,12.010,12.070,12.190,4373772,12.170
2014-09-04,12.080,12.200,12.260,3471239,12.180
2014-09-05,12.120,12.240,12.280,3534347,12.280
2014-09-09,12.210,12.280,12.500,6382503,12.490
2014-09-10,12.490,12.490,13.740,10765329,13.740
2014-09-11,13.600,13.700,14.900,25943740,13.900
2014-09-12,13.550,13.900,14.180,9376975,13.780
2014-09-15,13.230,13.560,13.750,11525651,13.460
2014-09-16,13.380,13.500,13.910,9754763,13.500
2014-09-17,12.560,13.400,13.400,9191609,13.130
2014-09-18,12.750,13.100,13.100,6623179,12.920
2014-09-19,12.780,12.900,13.030,5760721,12.960
2014-09-22,12.810,12.930,13.110,7589432,13.100
2014-09-23,13.180,13.180,13.680,8910694,13.330
2014-09-24,12.880,13.190,13.190,13545877,13.060
2014-09-25,12.950,12.950,13.210,7420188,13.100
2014-09-26,12.910,13.050,13.100,4874145,13.000
2014-09-29,13.000,13.030,13.130,6022263,13.100
2014-09-30,13.060,13.100,13.410,7378456,13.340
2014-10-08,13.360,13.650,13.720,8293634,13.430
2014-10-09,13.020,13.470,13.480,12129869,13.200
2014-10-10,13.010,13.120,13.250,7350061,13.100
2014-10-13,13.050,13.100,13.260,5671415,13.220
2014-10-14,12.910,13.210,13.210,5909129,12.960
2014-10-15,12.710,12.910,12.930,4490532,12.840
2014-10-16,12.500,12.750,12.820,5207843,12.510
2014-10-17,12.120,12.500,12.670,4656068,12.380
2014-10-20,12.390,12.420,12.650,3690942,12.600
2014-10-21,12.310,12.670,12.680,3267103,12.340
2014-10-22,11.930,12.320,12.400,3311466,12.050
2014-10-23,11.640,12.030,12.150,4117190,11.670
2014-10-24,11.550,11.690,11.760,2560297,11.600
2014-10-27,11.580,11.600,11.870,2351939,11.850
2014-10-28,11.810,11.880,12.110,2851511,12.100
2014-10-29,11.940,12.110,12.250,4581409,12.180
2014-10-30,12.030,12.170,12.240,3410901,12.090
2014-10-31,12.180,12.180,12.740,8282631,12.550
2014-11-03,12.400,12.560,12.670,5777537,12.650
2014-11-11,12.900,13.920,13.920,21995928,13.130
2014-11-12,12.710,12.910,13.030,8239110,12.980
2014-11-13,12.700,13.000,13.190,8267028,12.760
2014-11-14,12.700,12.700,13.150,6044234,12.850
2014-11-17,12.640,12.700,12.830,4367927,12.780
2014-11-18,12.420,12.770,12.770,4494432,12.470
2014-11-19,12.220,12.460,12.470,3719787,12.270
2014-11-20,12.280,12.380,12.500,3423493,12.440
2014-11-21,12.260,12.400,12.460,3995911,12.370
2014-11-24,12.810,12.810,13.500,24949936,13.080
2014-11-25,12.950,12.980,13.390,15326038,13.340
2014-11-26,13.100,13.410,13.410,8066874,13.210
2014-11-27,13.070,13.180,13.210,8318450,13.210
2014-11-28,13.010,13.120,13.870,18366794,13.750
2014-12-01,13.200,13.750,13.750,11345336,13.240
2014-12-02,13.030,13.180,13.400,8648046,13.350
2014-12-03,13.350,13.350,14.360,17069668,13.680
2014-12-04,13.500,13.680,14.140,13927023,14.090
2014-12-05,13.350,14.270,15.500,33520912,15.500
2014-12-08,15.500,15.500,16.690,23630338,16.330
2014-12-09,14.710,16.330,16.600,22496436,14.740
2014-12-10,14.350,14.650,15.700,12522615,15.700
2014-12-11,15.300,15.500,16.330,10159632,15.680
2014-12-12,15.210,15.680,15.980,8092056,15.370
2014-12-15,15.030,15.500,15.600,6664849,15.220
2014-12-16,14.870,15.200,15.260,7662978,15.050
2014-12-17,14.700,15.100,15.670,11154432,15.670
2014-12-18,15.100,15.700,15.770,9634556,15.520
2014-12-19,14.450,15.350,15.390,12240616,14.480
2014-12-22,13.520,14.400,14.400,9216705,13.710
2014-12-23,13.260,13.560,14.100,6367843,13.600
2014-12-24,13.530,13.700,13.890,5214854,13.680
2014-12-25,13.690,13.690,14.240,5392171,14.110
2014-12-26,14.120,14.160,14.370,5344553,14.320
2014-12-29,14.170,14.350,15.110,14700687,14.680
2014-12-30,14.420,14.680,15.220,12785992,15.120
2014-12-31,14.750,15.140,15.470,8404832,15.330
2015-01-05,15.510,15.510,16.640,16296529,15.570
2015-01-06,14.770,15.360,15.400,8547061,14.840
2015-01-07,14.680,14.830,15.310,5478620,15.030
2015-01-08,14.280,15.030,15.120,5613268,14.450
2015-01-09,14.190,14.450,14.690,4006879,14.200
2015-01-12,13.570,14.200,14.200,5156019,13.730
2015-01-13,13.690,13.690,14.000,2884176,13.990
2015-01-14,13.690,13.970,14.240,3275449,13.940
2015-01-15,13.710,13.930,14.230,6267204,14.220
2015-01-16,13.840,14.300,14.420,7467321,13.840
2015-01-19,12.460,13.500,13.500,11343154,12.630
2015-01-20,12.650,12.800,13.060,8320121,12.980
2015-01-21,12.910,12.980,13.470,5328042,13.460
2015-01-22,13.320,13.500,13.640,7178778,13.580
2015-01-23,13.430,13.580,13.830,6267970,13.600
2015-01-26,13.510,13.510,14.130,5614412,14.000
2015-01-27,13.820,14.070,14.210,5894918,14.070
2015-01-28,13.830,14.100,14.200,5481216,14.080
2015-01-29,13.900,14.020,14.490,7340139,14.380
2015-01-30,14.220,14.480,14.750,5549381,14.310
2015-02-02,13.800,14.320,14.320,3769246,14.040
2015-02-03,13.800,14.040,14.220,6112079,13.810
2015-02-04,13.780,13.900,14.050,2813427,13.840
2015-02-05,13.880,14.500,14.590,6304230,13.890
2015-02-06,13.690,13.870,14.080,3893718,13.770
2015-02-09,13.510,13.690,13.890,2040494,13.800
2015-02-10,13.460,13.710,13.960,2993796,13.930
2015-02-11,13.810,13.880,14.300,4057494,14.000
2015-02-12,13.920,14.000,14.110,2511137,14.060
2015-02-13,14.110,14.210,14.420,6392759,14.200
2015-02-16,14.200,14.290,14.520,4010935,14.400
2015-02-17,14.380,14.490,14.650,3776882,14.650
2015-02-25,14.420,14.670,14.880,5191819,14.750
2015-02-26,14.630,14.800,14.950,4319619,14.860
2015-02-27,14.660,14.900,14.940,4335482,14.900
2015-03-02,14.740,15.150,15.280,6224902,14.970
2015-03-03,14.710,14.860,15.100,5522011,14.960
2015-03-04,14.700,14.920,14.970,3560449,14.940
2015-03-05,14.700,14.940,14.970,4461570,14.960
2015-03-06,14.930,14.940,15.690,7203891,15.330
2015-03-09,15.010,15.430,15.440,4777934,15.330
2015-03-10,15.200,15.220,15.640,4943153,15.450
2015-03-11,15.350,15.460,15.710,5448692,15.710
2015-03-12,15.680,15.710,16.160,6595098,15.730
2015-03-13,15.270,15.800,15.850,6145592,15.700
2015-03-16,15.550,15.730,15.880,7155949,15.840
2015-03-17,15.810,15.830,16.250,6708128,15.940
2015-03-18,15.880,16.000,16.350,7839699,16.200
2015-03-19,16.010,16.300,16.380,6588384,16.100
2015-03-20,16.000,16.180,16.700,8523527,16.490
2015-03-23,16.550,16.910,17.200,12493357,16.700
2015-03-24,15.720,16.910,16.910,9994494,16.330
2015-03-25,16.050,16.300,16.820,10524048,16.720
2015-03-26,16.270,16.640,16.950,7628152,16.560
2015-03-27,16.710,16.710,18.220,27934976,18.220
2015-03-30,17.880,18.250,19.860,34103396,19.000
2015-03-31,18.600,19.600,20.390,27217780,18.730
2015-04-01,18.330,18.730,19.110,14236969,19.100
2015-04-02,19.110,19.200,20.200,16561491,20.020
2015-04-03,19.510,20.020,22.020,20737800,21.780
2015-04-07,21.900,21.900,23.960,19859570,23.960
2015-04-08,23.100,24.200,25.000,19294976,23.870
2015-04-09,22.310,23.740,24.480,16247945,24.400
2015-04-10,23.710,24.460,26.500,17731740,25.440
2015-04-13,24.600,25.430,25.690,16475433,24.630
2015-04-14,23.240,24.500,24.500,14497359,23.430
2015-04-15,21.610,23.300,23.300,13478174,22.100
2015-04-16,20.900,21.690,22.950,11157353,22.200
2015-04-17,21.800,22.230,22.620,9366790,22.170
2015-04-20,21.510,22.170,23.690,14716671,22.350
2015-04-21,21.510,22.360,22.900,10549688,22.860
2015-04-22,22.500,22.910,23.300,13316337,23.190
2015-04-23,22.410,23.420,23.420,13143929,22.800
2015-04-24,21.950,22.210,22.590,10858196,22.390
2015-04-27,21.980,22.430,22.720,12068588,22.020
2015-04-28,21.000,22.030,22.210,13605942,21.590
2015-04-29,21.370,21.640,22.080,9018916,22.020
2015-04-30,22.100,22.500,23.450,20305278,22.880
2015-05-04,22.900,22.980,23.590,16154923,23.270
2015-05-05,21.630,23.280,23.380,12566806,21.680
2015-05-06,20.610,21.590,22.220,8402742,20.890
2015-05-07,20.260,20.560,20.880,6286980,20.520
2015-05-08,20.590,20.590,21.270,6867622,21.050
2015-05-11,21.400,21.400,22.160,10073538,22.140
2015-05-12,21.620,22.090,22.280,9661150,22.240
2015-05-13,21.630,22.230,22.640,10508588,22.490
2015-05-14,22.240,22.350,23.300,16441086,22.620
2015-05-15,21.620,22.400,23.000,11926728,22.500
2015-05-18,21.900,22.360,22.790,8211633,22.090
2015-05-19,22.310,22.310,23.000,14202085,23.000
2015-05-20,22.810,23.380,23.700,16969472,22.960
2015-05-21,22.550,22.970,24.630,22351576,24.630
2015-05-22,24.180,24.590,25.620,20522746,24.500
2015-05-25,23.850,23.880,26.190,24583688,25.930
2015-05-26,26.230,26.230,27.110,21504512,26.590
2015-05-27,25.000,26.400,26.400,21761248,25.680
2015-05-28,23.110,25.670,25.670,20771308,23.130
2015-05-29,21.980,22.980,23.900,16998510,23.150
2015-06-01,23.310,23.400,24.440,17829728,24.140
2015-06-02,24.000,24.270,25.500,18276208,25.420
2015-06-03,25.210,25.510,26.680,23998384,26.540
2015-06-04,24.220,26.660,27.390,22265770,26.540
2015-06-05,26.410,26.980,29.170,30492652,29.170
2015-06-08,28.030,28.300,30.900,28240336,29.770
2015-06-09,28.310,29.450,29.450,17488004,28.440
2015-06-10,27.440,28.000,28.930,15288554,28.320
2015-06-11,28.010,28.250,29.180,13274859,28.510
2015-06-12,28.450,28.550,30.000,19256058,29.440
2015-06-15,28.000,29.980,30.190,16435771,28.170
2015-06-16,26.280,27.880,27.880,15984557,26.360
2015-06-17,26.000,26.340,27.350,11632592,27.250
2015-06-18,26.580,27.250,28.820,15497789,27.000
2015-06-19,24.380,26.500,26.900,12798769,24.400
2015-06-23,23.450,24.730,25.680,11443761,25.600
2015-06-24,24.830,26.000,26.150,13185658,25.670
2015-06-25,23.900,25.670,25.990,12200059,24.410
2015-06-26,21.970,23.900,23.900,10942631,21.970
2015-06-29,19.800,23.000,23.310,28538364,22.900
2015-06-30,20.610,22.400,24.640,22679104,24.410
2015-07-01,22.100,24.150,24.610,16950344,23.100
2015-07-02,20.790,22.780,24.000,17560920,23.780
2015-07-03,21.400,22.770,23.430,15076844,21.900
2015-07-06,19.710,23.550,23.990,24866852,21.750
2015-07-07,19.580,20.400,20.480,9105859,19.580
2015-07-08,17.620,17.620,17.620,497500,17.620
2015-07-09,15.860,15.860,19.380,50349372,19.380
2015-07-10,18.350,19.000,21.320,45568472,21.320
2015-07-13,21.010,21.100,22.990,42293580,22.750
2015-07-14,21.530,22.000,22.860,36046708,22.010
2015-07-15,19.810,21.330,21.790,20717532,19.810
2015-07-16,18.330,18.800,20.570,17699576,20.200
2015-07-17,20.000,20.000,21.960,20694820,21.730
2015-07-20,20.570,21.600,21.940,19205520,21.240
2015-07-21,20.500,21.000,21.480,10785015,21.050
2015-07-22,20.530,20.960,21.400,10885059,21.160
2015-07-23,20.760,21.020,21.880,16184414,21.820
2015-07-31,19.640,19.640,20.900,18848800,20.330
2015-08-03,18.410,20.000,21.000,9127082,18.880
2015-08-04,18.510,19.000,19.650,15684160,19.580
2015-08-05,18.570,19.330,19.500,9401068,18.750
2015-08-06,18.790,18.900,19.480,8387347,19.040
2015-08-07,19.000,19.020,20.000,11946277,19.770
2015-08-10,19.600,19.770,20.880,14957897,20.600
2015-08-11,19.950,20.590,20.590,16101649,20.120
2015-08-12,19.650,19.860,20.470,10808945,20.050
2015-08-13,19.800,20.000,20.360,10053409,20.280
2015-08-14,20.280,20.500,21.970,24620612,21.620
2015-08-17,20.760,21.400,21.500,16627137,21.380
2015-08-18,19.240,21.400,21.900,18949812,19.240
2015-08-19,17.600,18.800,19.770,11540491,19.410
2015-08-20,18.500,19.400,19.850,10007146,18.780
2015-08-21,17.020,17.900,18.680,11248740,17.170
2015-08-24,15.450,16.100,16.800,9618654,15.450
2015-08-25,13.910,13.920,14.580,10755028,13.910
2015-08-26,13.020,14.200,14.930,14890653,13.940
2015-08-27,13.770,14.250,14.790,9244730,14.640
2015-08-28,14.750,15.150,16.070,15119929,15.900
2015-08-31,14.900,15.400,15.600,10924258,14.930
2015-09-01,13.690,14.990,14.990,10377587,13.960
2015-09-02,13.000,13.300,14.300,6516617,13.360
2015-09-07,13.620,13.640,14.170,6719322,14.130
2015-09-08,13.820,14.000,14.870,7511942,14.750
2015-09-09,14.750,14.750,15.600,10063596,15.200
2015-09-10,14.640,14.780,15.240,6057047,14.760
2015-09-11,14.670,14.880,15.170,4918769,15.060
2015-09-14,13.570,15.060,15.180,6495168,13.730
2015-09-15,12.610,13.630,13.750,8099015,12.730
2015-09-16,12.700,12.700,14.000,6599388,13.860
2015-09-17,13.350,13.800,14.490,6772815,13.420
2015-09-18,13.400,13.600,13.800,3635871,13.610
2015-09-21,13.420,13.460,14.200,4600780,14.090
2015-09-22,13.930,14.100,14.530,6216731,14.210
2015-09-23,13.860,14.000,14.290,3857908,13.880
2015-09-24,13.910,14.030,14.240,2939272,14.090
2015-09-25,13.810,14.160,14.500,7129537,13.890
2015-09-28,13.850,14.000,14.230,3641833,14.170
2015-09-29,13.310,14.000,14.080,4586314,13.600
2015-09-30,13.330,13.660,13.910,4621569,13.900
2015-10-08,14.040,14.410,14.620,7308034,14.430
2015-10-09,14.300,14.420,14.700,5718911,14.670
2015-10-12,14.700,14.720,15.570,11504884,15.400
2015-10-13,15.060,15.210,15.420,5671916,15.360
2015-10-14,15.000,15.120,15.330,4959128,15.000
2015-10-15,15.150,15.150,15.740,9369092,15.610
2015-10-16,15.590,15.600,16.500,12956969,16.320
2015-10-19,15.990,16.380,17.300,14242902,16.920
2015-10-20,16.500,16.600,17.020,7902990,17.000
2015-10-21,15.430,16.910,17.100,8106709,15.430
2015-10-22,15.430,15.430,16.300,7113092,16.210
2015-10-23,16.100,16.100,17.250,10554578,17.190
2015-10-26,17.020,17.830,18.000,7707912,17.250
2015-10-27,16.000,17.200,17.250,9426076,16.990
2015-10-28,16.510,16.840,17.170,7048767,16.630
2015-10-29,16.400,16.630,17.540,6335134,17.030
2015-10-30,16.700,17.100,17.450,6623291,17.180
2015-11-02,16.500,16.810,17.100,6158847,16.800
2015-11-03,16.450,16.710,17.120,3696462,16.880
2015-11-04,16.830,16.880,17.660,7080881,17.590
2015-11-05,17.370,17.570,18.030,9231479,17.810
2015-11-06,17.920,18.000,19.200,9998610,18.470
2015-11-09,18.300,18.400,20.000,14572597,19.590
2015-11-10,19.100,19.310,20.290,10275185,19.800
2015-11-11,19.830,19.890,20.660,11488965,20.440
2015-11-12,20.120,20.120,21.000,10119247,21.000
2015-11-13,20.180,20.990,21.150,13412006,20.500
2015-11-16,19.730,20.200,21.350,9427584,21.320
2015-11-17,20.610,21.550,21.680,8382554,20.710
2015-11-18,20.180,20.710,21.850,7948616,20.890
2015-11-19,20.520,20.890,21.060,3436326,21.030
2015-11-20,20.800,21.110,21.210,3867538,20.910
2015-11-23,20.020,20.800,20.800,6730921,20.140
2015-11-24,19.500,20.060,20.460,4610574,20.430
2015-11-25,19.850,20.300,20.610,4529196,20.210
2015-11-26,20.140,20.500,20.560,3774849,20.310
2015-11-27,19.150,20.200,20.480,5115223,19.340
2015-11-30,18.550,19.000,20.300,11908254,19.400
2015-12-01,18.890,19.390,20.800,14740844,20.220
2015-12-02,19.300,20.010,20.550,10562964,20.510
2015-12-03,20.110,20.400,20.700,6581018,20.520
2015-12-04,19.640,20.500,20.500,5961313,19.780
2015-12-07,19.220,19.960,20.070,7114397,19.570
2015-12-08,18.810,19.400,19.470,3418129,19.000
2015-12-09,18.910,19.240,19.330,2507721,19.230
2015-12-10,18.750,19.040,19.500,4222507,18.810
2015-12-11,18.800,18.910,19.490,3602533,19.000
2015-12-14,18.880,19.060,19.520,2980980,19.520
2015-12-15,19.550,19.550,20.520,7154426,20.390
2015-12-16,19.950,20.400,20.510,4764783,20.370
2015-12-17,20.370,20.370,21.600,13703849,21.600
2015-12-18,21.010,21.380,21.830,5740845,21.080
2015-12-21,21.090,21.150,22.100,9172097,21.810
2015-12-22,21.340,22.000,22.400,6697401,21.740
2015-12-23,21.700,21.700,22.550,8294375,21.920
2015-12-24,20.310,21.910,22.150,7086367,21.540
2015-12-25,21.080,21.540,21.770,3609490,21.180
2015-12-28,20.920,21.290,22.010,4683898,21.080
2015-12-29,21.050,21.110,21.480,4023687,21.220
2015-12-30,20.600,21.140,21.550,7214295,21.100
2015-12-31,20.540,21.180,21.490,7983429,20.910
2016-01-04,19.020,20.910,20.990,4021401,19.130
2016-01-05,17.830,18.850,19.970,7455734,19.900
2016-01-06,19.570,19.900,20.660,7060451,20.660
2016-01-07,18.900,20.410,20.410,1022000,19.130
2016-01-08,18.500,19.520,20.130,8571940,19.800
2016-01-11,17.880,19.450,19.990,6622092,17.910
2016-01-12,17.020,17.980,18.250,7062746,17.400
2016-01-13,17.300,17.400,18.000,3708860,17.310
2016-01-14,16.680,16.800,17.920,2926546,17.730
2016-01-15,16.520,17.720,17.830,4352978,16.980
2016-01-18,16.190,16.970,17.160,5744579,16.750
2016-01-19,16.340,16.680,17.850,6005394,17.610
2016-01-20,16.910,17.330,17.990,5755129,17.130
2016-01-21,16.220,16.750,17.320,4995538,16.480
2016-01-22,15.640,16.500,16.700,4889974,16.590
2016-01-25,16.480,16.700,17.400,4139773,16.720
2016-01-26,15.050,16.230,16.640,6054358,15.050
2016-01-27,13.550,14.860,15.970,13196007,15.800
2016-01-28,15.010,15.350,15.830,8692541,15.630
2016-01-29,15.300,15.300,16.180,4955388,15.630
2016-02-01,15.120,15.630,15.830,6149771,15.680
2016-02-02,15.440,15.600,16.190,4171916,16.000
2016-02-03,15.920,16.100,16.460,4828080,16.110
2016-02-04,16.030,16.380,16.400,3152959,16.170
2016-02-05,15.590,16.350,16.380,2771646,15.680
2016-02-15,15.010,15.290,15.700,1697137,15.700
2016-02-16,15.690,15.710,17.180,7172306,17.050
2016-02-17,16.360,16.820,17.170,5329224,16.990
2016-02-18,16.620,16.910,17.100,5102958,16.700
2016-02-19,16.380,16.590,16.700,3320006,16.490
2016-02-29,14.840,16.570,16.900,8087412,14.840
2016-03-01,14.100,14.480,15.650,7651086,15.090
2016-03-02,14.740,14.980,16.600,14852060,16.600
2016-03-03,16.350,16.950,17.840,16703480,16.410
2016-03-04,16.100,16.180,17.310,9934161,16.380
2016-03-07,16.380,16.700,16.910,8493488,16.450
2016-03-08,14.810,16.330,16.400,7684190,16.200
2016-03-09,15.010,15.600,15.700,9016906,15.600
2016-03-10,15.050,15.410,15.600,4967819,15.460
2016-03-11,14.960,15.200,15.500,2718823,15.500
2016-03-14,15.510,15.510,16.400,5772246,16.210
2016-03-15,15.620,16.010,16.100,3354691,15.630
2016-03-16,15.190,15.520,15.790,4567597,15.570
2016-03-17,15.380,15.600,15.990,5670025,15.900
2016-03-18,15.760,15.870,16.610,7355520,16.420
2016-03-21,16.490,16.780,17.170,9137938,16.970
2016-03-22,16.400,16.860,16.860,4363095,16.540
2016-03-23,16.480,16.540,17.050,3603687,16.760
2016-03-24,16.080,16.650,16.670,5009569,16.080
2016-03-25,16.010,16.100,16.300,2637898,16.240
2016-03-28,16.030,16.220,16.720,3995622,16.590
2016-03-29,15.660,16.340,16.340,5571461,15.840
2016-03-30,15.840,15.950,16.250,4540239,16.180
2016-03-31,16.100,16.250,16.300,3067427,16.150
2016-04-01,15.700,16.010,16.200,2993099,15.880
2016-04-05,15.810,15.900,16.250,4910640,16.240
2016-04-06,16.050,16.190,16.390,5000720,16.360
2016-04-07,16.050,16.300,16.450,3732304,16.050
2016-04-08,15.510,16.000,16.000,3936500,15.660
2016-04-11,15.710,15.710,16.300,4115904,16.170
2016-04-12,15.600,15.900,15.960,3469989,15.770
2016-04-13,15.810,15.810,16.070,3668778,15.890
2016-04-14,15.910,15.970,16.040,3033990,16.020
2016-04-15,15.940,16.070,16.160,2992437,16.150
2016-04-18,15.900,16.160,16.400,4149649,16.360
2016-04-19,16.420,16.430,17.180,11302377,16.830
2016-04-20,15.510,16.700,16.770,7469554,15.960
2016-04-21,15.700,15.980,16.200,3682570,16.020
2016-04-22,15.580,15.970,15.970,2262805,15.820
2016-04-25,15.260,15.820,15.820,2095199,15.460
2016-04-26,15.320,15.460,15.680,1336558,15.570
2016-04-27,15.570,15.570,15.920,2072290,15.690
2016-04-28,15.320,15.900,15.900,1699074,15.600
2016-04-29,15.420,15.600,15.680,1437489,15.580
2016-05-03,15.460,15.600,15.980,2570134,15.910
2016-05-04,15.670,15.840,16.070,2455106,16.070
2016-05-05,15.900,16.060,16.110,1997800,16.000
2016-05-06,15.460,16.000,16.080,2494137,15.590
2016-05-09,14.700,15.690,15.690,3883069,15.300
2016-05-10,15.000,15.290,15.500,2465845,15.500
2016-05-11,15.300,15.450,15.700,1218596,15.480
2016-05-12,15.200,15.300,15.580,1379294,15.530
2016-05-13,15.320,15.320,15.650,790019,15.550
2016-05-16,15.340,15.700,15.700,1865966,15.550
2016-05-17,15.410,15.600,15.640,1601922,15.600
2016-05-18,15.250,15.500,15.550,2081510,15.430
2016-05-19,15.310,15.310,15.600,1695970,15.400
2016-05-20,15.180,15.300,15.630,2380307,15.630
2016-05-23,15.500,15.640,15.730,881756,15.610
2016-05-24,15.470,15.590,15.700,1454528,15.580
2016-05-25,15.530,15.600,15.700,941302,15.560
2016-05-26,15.420,15.600,15.640,1036522,15.610
2016-05-27,15.480,15.620,15.680,1221769,15.530
2016-05-30,15.380,15.520,15.640,1069960,15.600
2016-05-31,15.580,15.600,15.970,3412146,15.940
2016-06-01,15.900,15.950,16.740,5742367,16.250
2016-06-02,15.930,16.080,16.200,4197237,16.070
2016-06-03,15.900,16.180,16.180,2658312,15.980
2016-06-06,15.800,15.910,16.000,1496865,15.860
2016-06-07,15.810,15.860,16.000,1340841,15.910
2016-06-08,15.710,15.920,15.960,1099937,15.860
2016-06-13,15.360,15.750,15.760,2435075,15.400
2016-06-14,15.260,15.400,15.650,1970486,15.480
2016-06-15,15.380,15.400,15.710,1575385,15.610
2016-06-16,15.690,15.790,16.500,6077002,16.080
2016-06-17,15.880,15.910,16.080,3681161,16.010
2016-06-20,15.650,15.940,15.940,1605207,15.770
2016-06-21,15.650,15.660,15.880,2187192,15.780
2016-06-22,15.710,15.780,15.920,1213960,15.890
2016-06-23,15.750,15.850,15.890,1236345,15.810
2016-06-24,15.430,15.810,15.910,2205618,15.750
2016-06-27,15.580,15.580,15.880,2427102,15.870
2016-06-28,15.810,15.820,16.230,3012406,16.080
2016-06-29,15.920,16.090,16.210,2819510,16.060
2016-06-30,16.000,16.060,17.320,8588620,17.120
2016-07-01,16.900,16.900,18.290,7523136,17.420
2016-07-04,17.060,17.070,17.400,4086797,17.200
2016-07-05,17.090,17.350,17.520,4884027,17.210
2016-07-06,17.150,17.360,17.470,4097585,17.210
2016-07-07,16.800,17.100,17.200,2556707,16.870
2016-07-08,16.700,16.920,17.040,1909713,16.990
2016-07-11,16.830,16.990,17.220,1754899,17.010
2016-07-12,16.840,16.900,17.220,2510068,17.200
2016-07-13,17.130,17.270,17.300,3396738,17.170
2016-07-14,17.200,17.270,17.610,3658231,17.290
2016-07-15,17.030,17.390,17.390,1637878,17.080
2016-07-18,16.820,17.020,17.180,1109153,17.120
2016-07-19,17.030,17.120,17.370,2016103,17.340
2016-07-20,17.180,17.250,17.480,1359100,17.190
2016-07-21,17.110,17.130,17.270,1632124,17.190
2016-07-22,17.040,17.220,17.300,1116779,17.170
2016-07-25,17.150,17.200,17.520,2180057,17.370
2016-07-26,17.250,17.250,17.650,2014275,17.630
2016-07-27,16.930,17.680,17.720,2940277,17.190
2016-07-28,17.000,17.290,17.290,1299306,17.260
2016-07-29,17.070,17.300,17.370,1380772,17.100
2016-08-01,16.430,17.100,17.180,2179582,17.040
2016-08-02,16.950,17.040,17.200,811735,17.130
2016-08-03,17.000,17.000,17.950,4143724,17.750
2016-08-04,17.340,17.620,17.700,1979450,17.440
2016-08-05,17.430,17.440,18.250,3484255,17.700
2016-08-08,17.510,17.660,18.480,3975863,18.240
2016-08-09,18.100,18.300,18.350,2561107,18.210
2016-08-10,18.010,18.240,18.800,4006706,18.660
2016-08-11,18.500,18.850,19.350,3571784,18.500
2016-08-12,18.180,18.370,19.090,3760788,19.000
2016-08-15,19.220,19.220,20.900,11480625,20.640
2016-08-16,20.000,20.800,20.980,5695742,20.440
2016-08-17,19.680,20.400,20.580,3643226,19.710
2016-08-18,19.720,19.720,20.880,4630331,20.200
2016-08-19,19.810,20.210,20.210,2330402,19.840
2016-08-22,19.750,19.780,20.830,1805825,19.980
2016-08-23,19.850,19.900,20.190,1246345,19.960
2016-08-24,19.530,19.970,20.400,2214955,19.660
2016-08-25,18.990,19.850,19.850,2306582,19.500
2016-08-26,19.310,19.550,20.080,1892188,19.950
2016-08-29,19.910,19.950,20.300,1105800,20.010
2016-08-30,19.820,20.000,20.110,1153609,19.990
2016-08-31,19.920,19.990,20.400,2144753,20.090
2016-09-01,19.800,20.070,20.080,1362199,19.880
2016-09-02,19.800,19.800,20.150,1110902,19.850
2016-09-05,19.800,19.930,20.200,960000,19.890
2016-09-06,19.800,19.850,20.050,1762980,19.990
2016-09-07,19.920,20.070,20.070,1197440,20.000
2016-09-08,19.430,19.980,19.990,2406372,19.870
2016-09-09,19.610,19.880,19.900,1792100,19.700
2016-09-12,19.250,19.550,19.690,2386783,19.410
2016-09-13,19.330,19.410,19.910,1627006,19.800
2016-09-14,19.600,19.600,20.140,1851099,20.010
2016-09-19,19.860,20.050,20.290,1078381,20.060
2016-09-20,19.920,20.000,20.450,2326800,20.380
2016-09-21,20.010,20.450,20.480,1554035,20.180
2016-09-22,20.180,20.180,20.990,2246110,20.510
2016-09-23,20.210,20.530,20.530,1109446,20.280
2016-09-26,19.960,20.230,20.290,1109640,20.060
2016-09-27,19.880,20.030,20.250,596660,20.090
2016-09-28,20.000,20.250,20.250,598774,20.150
2016-09-29,20.060,20.150,20.220,625382,20.060
2016-09-30,19.970,20.000,20.160,652745,20.020
2016-10-10,18.690,19.500,19.600,5519936,19.420
2016-10-11,19.300,19.450,19.800,1667823,19.420
2016-10-12,19.160,19.420,19.670,2042154,19.290
2016-10-13,19.070,19.350,19.580,2200123,19.290
2016-10-14,19.200,19.390,19.390,1934761,19.280
2016-10-17,19.100,19.100,19.430,1398235,19.290
2016-10-18,19.140,19.140,19.420,1045254,19.380
2016-10-19,19.390,19.420,19.700,1362685,19.450
2016-10-20,19.360,19.600,19.640,967799,19.460
2016-10-21,19.220,19.460,19.670,1655998,19.520
2016-10-24,19.280,19.420,19.730,1454506,19.620
2016-10-25,19.380,19.620,19.710,1005167,19.570
2016-10-26,19.600,19.660,20.290,3338902,20.240
2017-04-07,18.220,18.500,19.320,7937089,18.740
2017-04-10,17.770,18.420,19.180,5639905,19.120
2017-04-11,18.600,18.900,19.410,5743577,19.050
2017-04-12,19.070,19.300,20.480,4798102,19.750
2017-04-13,18.900,19.700,19.750,3103203,19.600
2017-04-14,19.110,19.550,19.550,2808590,19.480
2017-04-17,19.110,19.440,19.750,1996411,19.600
2017-04-18,18.740,19.600,19.790,6147830,19.550
2017-04-19,18.190,19.010,19.440,2799445,18.190
2017-04-20,16.920,18.250,18.390,5579436,17.540
2017-04-21,17.200,17.520,17.850,2279903,17.560
2017-04-24,16.830,17.610,17.610,1764800,17.190
2017-04-25,17.000,17.040,17.260,1334899,17.200
2017-04-26,17.010,17.100,17.600,2275618,17.500
2017-04-27,16.910,17.450,17.880,1956473,17.870
2017-04-28,17.510,17.800,17.890,1753833,17.880
2017-05-02,17.380,17.780,17.900,2206822,17.790
2017-05-03,17.150,17.750,17.950,1941414,17.790
2017-05-04,17.520,17.600,18.090,2004442,17.760
2017-05-05,17.400,17.760,17.880,942953,17.770
2017-05-08,17.170,17.550,17.820,1016337,17.700
2017-05-09,17.300,17.700,17.770,810300,17.690
2017-05-10,17.510,17.690,17.780,929045,17.630
2017-05-11,17.070,17.780,17.780,1145059,17.630
2017-05-12,17.420,17.570,17.700,498148,17.630
2017-05-15,17.570,17.570,18.000,823807,17.980
2017-05-16,17.740,17.980,18.150,455870,18.150
2017-05-17,17.930,18.110,18.110,459833,17.960
2017-05-18,17.680,17.770,18.020,234680,17.730
2017-05-19,17.550,17.770,17.880,266532,17.730
2017-05-22,17.600,17.760,17.980,1197352,17.920
2017-05-23,17.400,17.980,17.980,836346,17.760
2017-05-24,17.300,17.510,17.680,406200,17.300
2017-05-25,17.070,17.290,17.510,553971,17.470
2017-05-26,17.300,17.510,17.660,445537,17.610
2017-05-31,17.550,17.620,17.930,420750,17.560
2017-06-01,17.230,17.450,17.680,377506,17.420
2017-06-02,17.210,17.260,17.580,286729,17.490
2017-06-05,17.400,17.580,18.960,1774340,18.260
2017-06-06,17.600,18.260,18.260,1230049,17.800
2017-06-07,17.580,17.580,18.180,933131,18.080
2017-06-08,17.910,18.000,18.140,555077,17.910
2017-06-09,17.800,18.030,18.030,375744,17.880
2017-06-12,17.420,17.820,17.990,366814,17.490
2017-06-13,17.230,17.480,17.620,634866,17.520
2017-06-14,17.400,17.580,17.680,293135,17.420
2017-06-15,17.350,17.420,17.530,401598,17.380
2017-06-16,17.220,17.480,17.480,594295,17.330
2017-06-19,17.230,17.360,17.460,496869,17.320
2017-06-20,17.210,17.410,17.410,431735,17.300
2017-06-21,17.090,17.300,17.390,637992,17.090
2017-06-22,16.920,17.010,17.170,1220927,17.070
2017-06-23,16.960,17.120,17.400,804253,17.190
2017-06-26,17.060,17.350,17.350,540566,17.180
2017-06-27,17.100,17.110,17.280,496777,17.180
2017-06-28,17.000,17.200,17.210,524171,17.000
2017-06-29,16.740,17.070,17.160,585785,16.800
2017-06-30,16.570,16.800,16.870,627341,16.630
2017-07-03,16.500,16.630,16.960,418912,16.880
2017-07-04,16.580,16.810,16.880,388842,16.600
2017-07-05,16.600,16.680,16.720,271954,16.680
2017-07-06,16.530,16.720,16.720,320956,16.700
2017-07-07,16.550,16.700,16.700,384973,16.600
2017-07-10,16.440,16.680,16.680,474250,16.610
2017-07-11,16.450,16.650,16.650,476100,16.600
2017-07-12,16.370,16.630,16.650,355239,16.640
2017-07-13,16.460,16.640,16.640,632207,16.600
2017-07-14,16.480,16.590,16.630,376059,16.610
2017-07-17,16.200,16.800,16.970,1403719,16.640
2017-07-18,16.150,16.150,16.750,587349,16.650
2017-07-19,16.590,16.750,16.750,527025,16.680
2017-07-20,16.600,16.610,17.180,1416775,17.130
2017-07-21,16.880,17.160,17.160,627232,16.920
2017-07-24,16.850,16.920,17.480,1023182,17.260
2017-07-25,17.020,17.390,17.500,667600,17.070
2017-07-26,16.920,17.070,17.150,386201,16.980
2017-07-27,16.770,17.080,17.080,581893,16.820
2017-07-28,16.730,16.950,16.950,336500,16.730
2017-07-31,16.610,16.720,16.970,650700,16.940
2017-08-01,16.800,16.850,17.090,509743,17.050
2017-08-02,16.820,17.120,17.120,459500,16.820
2017-08-03,16.720,16.810,17.060,566042,16.750
2017-08-04,16.550,16.690,16.850,577342,16.560
2017-08-07,16.580,16.670,16.810,333644,16.700
2017-08-08,16.500,16.850,16.850,475848,16.600
2017-08-09,16.500,16.660,16.720,362353,16.680
2017-08-10,16.280,16.640,16.660,818444,16.620
2017-08-11,16.300,16.580,16.620,709822,16.600
2017-08-14,16.040,16.520,16.680,362300,16.530
2017-08-15,16.420,16.660,17.500,2793549,17.350
2017-08-16,16.800,16.940,17.080,1406782,16.980
2017-08-17,16.810,16.970,16.970,553000,16.840
2017-08-18,16.550,16.860,16.860,1033712,16.600
2017-08-21,16.510,16.670,16.680,983642,16.660
2017-08-22,16.530,16.680,17.880,3145871,17.200
2017-08-23,16.740,16.960,17.040,1212900,16.740
2017-08-24,16.550,16.600,16.730,692044,16.550
2017-08-25,16.540,16.540,16.750,674302,16.670
2017-08-28,16.650,16.730,16.830,637424,16.800
2017-08-29,16.700,16.870,16.900,509711,16.770
2017-08-30,16.720,16.800,16.970,851091,16.880
2017-08-31,16.780,16.920,16.970,757505,16.900
2017-09-01,16.780,16.780,17.010,1159544,16.920
2017-09-04,16.880,16.880,17.120,1089004,17.090
2017-09-05,16.910,17.120,17.250,947323,17.040
2017-09-06,16.930,16.930,17.130,503476,17.050
2017-09-07,17.040,17.050,17.230,921900,17.130
2017-09-08,16.860,17.130,17.390,1852282,17.260
2017-09-11,17.210,17.260,17.500,1664182,17.360
2017-09-12,17.100,17.380,17.490,1082484,17.140
2017-09-13,17.100,17.140,17.450,1183403,17.450
2017-09-14,17.340,17.400,17.540,759320,17.370
2017-09-15,17.370,17.370,17.780,1270952,17.400
2017-09-18,17.350,17.400,17.600,887800,17.420
2017-09-19,17.350,17.360,17.750,1451571,17.500
2017-09-20,17.140,17.500,17.500,868318,17.410
2017-09-21,17.200,17.230,17.400,625776,17.260
2017-09-22,17.040,17.270,17.450,552500,17.070
2017-09-25,16.670,17.000,17.170,969244,16.770
2017-09-26,16.510,16.650,16.850,759711,16.620
2017-09-27,16.540,16.620,16.740,436012,16.650
2017-09-28,16.500,16.530,16.700,462600,16.530
2017-09-29,16.520,16.800,16.800,504600,16.640
2017-10-09,16.580,16.790,16.870,810120,16.690
2017-10-10,16.630,16.700,16.880,667278,16.880
2017-10-11,16.710,16.880,16.910,603290,16.870
2017-10-12,16.610,16.610,17.000,622811,16.890
